age,name,value,group
20,Female,-5,Sex
20,Male,0,Sex
21,Female,-5,Sex
21,Male,0,Sex
22,Female,-5,Sex
22,Male,0,Sex
23,Female,-5,Sex
23,Male,0,Sex
24,Female,-5,Sex
24,Male,0,Sex
25,Female,-5,Sex
25,Male,0,Sex
26,Female,-5,Sex
26,Male,0,Sex
27,Female,-5,Sex
27,Male,0,Sex
28,Female,-5,Sex
28,Male,0,Sex
29,Female,-5,Sex
29,Male,0,Sex
30,Female,-5,Sex
30,Male,0,Sex
31,Female,-5,Sex
31,Male,0,Sex
32,Female,-5,Sex
32,Male,0,Sex
33,Female,-5,Sex
33,Male,0,Sex
34,Female,-5,Sex
34,Male,0,Sex
35,Female,-5,Sex
35,Male,0,Sex
36,Female,-5,Sex
36,Male,0,Sex
37,Female,-5,Sex
37,Male,0,Sex
38,Female,-5,Sex
38,Male,0,Sex
39,Female,-5,Sex
39,Male,0,Sex
40,Female,-5,Sex
40,Male,0,Sex
41,Female,-5,Sex
41,Male,0,Sex
42,Female,-5,Sex
42,Male,0,Sex
43,Female,-5,Sex
43,Male,0,Sex
44,Female,-5,Sex
44,Male,0,Sex
45,Female,-5,Sex
45,Male,0,Sex
46,Female,-5,Sex
46,Male,0,Sex
47,Female,-5,Sex
47,Male,0,Sex
48,Female,-5,Sex
48,Male,0,Sex
49,Female,-5,Sex
49,Male,0,Sex
50,Female,-5,Sex
50,Male,0,Sex
51,Female,-5,Sex
51,Male,0,Sex
52,Female,-5,Sex
52,Male,0,Sex
53,Female,-5,Sex
53,Male,0,Sex
54,Female,-5,Sex
54,Male,0,Sex
55,Female,-5,Sex
55,Male,0,Sex
56,Female,-5,Sex
56,Male,0,Sex
57,Female,-5,Sex
57,Male,0,Sex
58,Female,-5,Sex
58,Male,0,Sex
59,Female,-5,Sex
59,Male,0,Sex
60,Female,-5,Sex
60,Male,0,Sex
61,Female,-5,Sex
61,Male,0,Sex
62,Female,-5,Sex
62,Male,0,Sex
63,Female,-5,Sex
63,Male,0,Sex
64,Female,-5,Sex
64,Male,0,Sex
65,Female,-5,Sex
65,Male,0,Sex
66,Female,-5,Sex
66,Male,0,Sex
67,Female,-5,Sex
67,Male,0,Sex
68,Female,-5,Sex
68,Male,0,Sex
69,Female,-5,Sex
69,Male,0,Sex
70,Female,-5,Sex
70,Male,0,Sex
71,Female,-5,Sex
71,Male,0,Sex
72,Female,-5,Sex
72,Male,0,Sex
73,Female,-5,Sex
73,Male,0,Sex
74,Female,-5,Sex
74,Male,0,Sex
75,Female,-5,Sex
75,Male,0,Sex
20,White,0,Ethnicity
20,Asian or Asian British,5,Ethnicity
20,Black,7,Ethnicity
20,Mixed,5,Ethnicity
20,Other non-white,4,Ethnicity
21,White,0,Ethnicity
21,Asian or Asian British,5,Ethnicity
21,Black,7,Ethnicity
21,Mixed,5,Ethnicity
21,Other non-white,4,Ethnicity
22,White,0,Ethnicity
22,Asian or Asian British,5,Ethnicity
22,Black,7,Ethnicity
22,Mixed,5,Ethnicity
22,Other non-white,4,Ethnicity
23,White,0,Ethnicity
23,Asian or Asian British,5,Ethnicity
23,Black,7,Ethnicity
23,Mixed,5,Ethnicity
23,Other non-white,4,Ethnicity
24,White,0,Ethnicity
24,Asian or Asian British,5,Ethnicity
24,Black,7,Ethnicity
24,Mixed,5,Ethnicity
24,Other non-white,4,Ethnicity
25,White,0,Ethnicity
25,Asian or Asian British,5,Ethnicity
25,Black,7,Ethnicity
25,Mixed,5,Ethnicity
25,Other non-white,4,Ethnicity
26,White,0,Ethnicity
26,Asian or Asian British,5,Ethnicity
26,Black,7,Ethnicity
26,Mixed,5,Ethnicity
26,Other non-white,4,Ethnicity
27,White,0,Ethnicity
27,Asian or Asian British,5,Ethnicity
27,Black,7,Ethnicity
27,Mixed,5,Ethnicity
27,Other non-white,4,Ethnicity
28,White,0,Ethnicity
28,Asian or Asian British,5,Ethnicity
28,Black,7,Ethnicity
28,Mixed,5,Ethnicity
28,Other non-white,4,Ethnicity
29,White,0,Ethnicity
29,Asian or Asian British,5,Ethnicity
29,Black,7,Ethnicity
29,Mixed,5,Ethnicity
29,Other non-white,4,Ethnicity
30,White,0,Ethnicity
30,Asian or Asian British,5,Ethnicity
30,Black,7,Ethnicity
30,Mixed,5,Ethnicity
30,Other non-white,4,Ethnicity
31,White,0,Ethnicity
31,Asian or Asian British,5,Ethnicity
31,Black,7,Ethnicity
31,Mixed,5,Ethnicity
31,Other non-white,4,Ethnicity
32,White,0,Ethnicity
32,Asian or Asian British,5,Ethnicity
32,Black,7,Ethnicity
32,Mixed,5,Ethnicity
32,Other non-white,4,Ethnicity
33,White,0,Ethnicity
33,Asian or Asian British,5,Ethnicity
33,Black,7,Ethnicity
33,Mixed,5,Ethnicity
33,Other non-white,4,Ethnicity
34,White,0,Ethnicity
34,Asian or Asian British,5,Ethnicity
34,Black,7,Ethnicity
34,Mixed,5,Ethnicity
34,Other non-white,4,Ethnicity
35,White,0,Ethnicity
35,Asian or Asian British,5,Ethnicity
35,Black,7,Ethnicity
35,Mixed,5,Ethnicity
35,Other non-white,4,Ethnicity
36,White,0,Ethnicity
36,Asian or Asian British,5,Ethnicity
36,Black,7,Ethnicity
36,Mixed,5,Ethnicity
36,Other non-white,4,Ethnicity
37,White,0,Ethnicity
37,Asian or Asian British,5,Ethnicity
37,Black,7,Ethnicity
37,Mixed,5,Ethnicity
37,Other non-white,4,Ethnicity
38,White,0,Ethnicity
38,Asian or Asian British,5,Ethnicity
38,Black,7,Ethnicity
38,Mixed,5,Ethnicity
38,Other non-white,4,Ethnicity
39,White,0,Ethnicity
39,Asian or Asian British,5,Ethnicity
39,Black,7,Ethnicity
39,Mixed,5,Ethnicity
39,Other non-white,4,Ethnicity
40,White,0,Ethnicity
40,Asian or Asian British,5,Ethnicity
40,Black,7,Ethnicity
40,Mixed,5,Ethnicity
40,Other non-white,4,Ethnicity
41,White,0,Ethnicity
41,Asian or Asian British,5,Ethnicity
41,Black,7,Ethnicity
41,Mixed,5,Ethnicity
41,Other non-white,4,Ethnicity
42,White,0,Ethnicity
42,Asian or Asian British,5,Ethnicity
42,Black,7,Ethnicity
42,Mixed,5,Ethnicity
42,Other non-white,4,Ethnicity
43,White,0,Ethnicity
43,Asian or Asian British,5,Ethnicity
43,Black,7,Ethnicity
43,Mixed,5,Ethnicity
43,Other non-white,4,Ethnicity
44,White,0,Ethnicity
44,Asian or Asian British,5,Ethnicity
44,Black,7,Ethnicity
44,Mixed,5,Ethnicity
44,Other non-white,4,Ethnicity
45,White,0,Ethnicity
45,Asian or Asian British,5,Ethnicity
45,Black,7,Ethnicity
45,Mixed,5,Ethnicity
45,Other non-white,4,Ethnicity
46,White,0,Ethnicity
46,Asian or Asian British,5,Ethnicity
46,Black,7,Ethnicity
46,Mixed,5,Ethnicity
46,Other non-white,4,Ethnicity
47,White,0,Ethnicity
47,Asian or Asian British,5,Ethnicity
47,Black,7,Ethnicity
47,Mixed,5,Ethnicity
47,Other non-white,4,Ethnicity
48,White,0,Ethnicity
48,Asian or Asian British,5,Ethnicity
48,Black,7,Ethnicity
48,Mixed,5,Ethnicity
48,Other non-white,4,Ethnicity
49,White,0,Ethnicity
49,Asian or Asian British,5,Ethnicity
49,Black,7,Ethnicity
49,Mixed,5,Ethnicity
49,Other non-white,4,Ethnicity
50,White,0,Ethnicity
50,Asian or Asian British,5,Ethnicity
50,Black,7,Ethnicity
50,Mixed,5,Ethnicity
50,Other non-white,4,Ethnicity
51,White,0,Ethnicity
51,Asian or Asian British,5,Ethnicity
51,Black,7,Ethnicity
51,Mixed,5,Ethnicity
51,Other non-white,4,Ethnicity
52,White,0,Ethnicity
52,Asian or Asian British,5,Ethnicity
52,Black,7,Ethnicity
52,Mixed,5,Ethnicity
52,Other non-white,4,Ethnicity
53,White,0,Ethnicity
53,Asian or Asian British,5,Ethnicity
53,Black,7,Ethnicity
53,Mixed,5,Ethnicity
53,Other non-white,4,Ethnicity
54,White,0,Ethnicity
54,Asian or Asian British,5,Ethnicity
54,Black,7,Ethnicity
54,Mixed,5,Ethnicity
54,Other non-white,4,Ethnicity
55,White,0,Ethnicity
55,Asian or Asian British,5,Ethnicity
55,Black,7,Ethnicity
55,Mixed,5,Ethnicity
55,Other non-white,4,Ethnicity
56,White,0,Ethnicity
56,Asian or Asian British,5,Ethnicity
56,Black,7,Ethnicity
56,Mixed,5,Ethnicity
56,Other non-white,4,Ethnicity
57,White,0,Ethnicity
57,Asian or Asian British,5,Ethnicity
57,Black,7,Ethnicity
57,Mixed,5,Ethnicity
57,Other non-white,4,Ethnicity
58,White,0,Ethnicity
58,Asian or Asian British,5,Ethnicity
58,Black,7,Ethnicity
58,Mixed,5,Ethnicity
58,Other non-white,4,Ethnicity
59,White,0,Ethnicity
59,Asian or Asian British,5,Ethnicity
59,Black,7,Ethnicity
59,Mixed,5,Ethnicity
59,Other non-white,4,Ethnicity
60,White,0,Ethnicity
60,Asian or Asian British,5,Ethnicity
60,Black,7,Ethnicity
60,Mixed,5,Ethnicity
60,Other non-white,4,Ethnicity
61,White,0,Ethnicity
61,Asian or Asian British,5,Ethnicity
61,Black,7,Ethnicity
61,Mixed,5,Ethnicity
61,Other non-white,4,Ethnicity
62,White,0,Ethnicity
62,Asian or Asian British,5,Ethnicity
62,Black,7,Ethnicity
62,Mixed,5,Ethnicity
62,Other non-white,4,Ethnicity
63,White,0,Ethnicity
63,Asian or Asian British,5,Ethnicity
63,Black,7,Ethnicity
63,Mixed,5,Ethnicity
63,Other non-white,4,Ethnicity
64,White,0,Ethnicity
64,Asian or Asian British,5,Ethnicity
64,Black,7,Ethnicity
64,Mixed,5,Ethnicity
64,Other non-white,4,Ethnicity
65,White,0,Ethnicity
65,Asian or Asian British,5,Ethnicity
65,Black,7,Ethnicity
65,Mixed,5,Ethnicity
65,Other non-white,4,Ethnicity
66,White,0,Ethnicity
66,Asian or Asian British,5,Ethnicity
66,Black,7,Ethnicity
66,Mixed,5,Ethnicity
66,Other non-white,4,Ethnicity
67,White,0,Ethnicity
67,Asian or Asian British,5,Ethnicity
67,Black,7,Ethnicity
67,Mixed,5,Ethnicity
67,Other non-white,4,Ethnicity
68,White,0,Ethnicity
68,Asian or Asian British,5,Ethnicity
68,Black,7,Ethnicity
68,Mixed,5,Ethnicity
68,Other non-white,4,Ethnicity
69,White,0,Ethnicity
69,Asian or Asian British,5,Ethnicity
69,Black,7,Ethnicity
69,Mixed,5,Ethnicity
69,Other non-white,4,Ethnicity
70,White,0,Ethnicity
70,Asian or Asian British,5,Ethnicity
70,Black,7,Ethnicity
70,Mixed,5,Ethnicity
70,Other non-white,4,Ethnicity
71,White,0,Ethnicity
71,Asian or Asian British,5,Ethnicity
71,Black,7,Ethnicity
71,Mixed,5,Ethnicity
71,Other non-white,4,Ethnicity
72,White,0,Ethnicity
72,Asian or Asian British,5,Ethnicity
72,Black,7,Ethnicity
72,Mixed,5,Ethnicity
72,Other non-white,4,Ethnicity
73,White,0,Ethnicity
73,Asian or Asian British,5,Ethnicity
73,Black,7,Ethnicity
73,Mixed,5,Ethnicity
73,Other non-white,4,Ethnicity
74,White,0,Ethnicity
74,Asian or Asian British,5,Ethnicity
74,Black,7,Ethnicity
74,Mixed,5,Ethnicity
74,Other non-white,4,Ethnicity
75,White,0,Ethnicity
75,Asian or Asian British,5,Ethnicity
75,Black,7,Ethnicity
75,Mixed,5,Ethnicity
75,Other non-white,4,Ethnicity
20,30-34.9,7,BMI
20,35-39.9,19,BMI
20,40,25,BMI
21,30-34.9,7,BMI
21,35-39.9,19,BMI
21,40,25,BMI
22,30-34.9,7,BMI
22,35-39.9,19,BMI
22,40,24,BMI
23,30-34.9,7,BMI
23,35-39.9,18,BMI
23,40,24,BMI
24,30-34.9,7,BMI
24,35-39.9,18,BMI
24,40,24,BMI
25,30-34.9,6,BMI
25,35-39.9,18,BMI
25,40,23,BMI
26,30-34.9,6,BMI
26,35-39.9,18,BMI
26,40,23,BMI
27,30-34.9,6,BMI
27,35-39.9,17,BMI
27,40,23,BMI
28,30-34.9,6,BMI
28,35-39.9,17,BMI
28,40,22,BMI
29,30-34.9,6,BMI
29,35-39.9,17,BMI
29,40,22,BMI
30,30-34.9,6,BMI
30,35-39.9,17,BMI
30,40,22,BMI
31,30-34.9,6,BMI
31,35-39.9,16,BMI
31,40,21,BMI
32,30-34.9,6,BMI
32,35-39.9,16,BMI
32,40,21,BMI
33,30-34.9,6,BMI
33,35-39.9,16,BMI
33,40,21,BMI
34,30-34.9,6,BMI
34,35-39.9,16,BMI
34,40,20,BMI
35,30-34.9,6,BMI
35,35-39.9,15,BMI
35,40,20,BMI
36,30-34.9,6,BMI
36,35-39.9,15,BMI
36,40,19,BMI
37,30-34.9,6,BMI
37,35-39.9,15,BMI
37,40,19,BMI
38,30-34.9,5,BMI
38,35-39.9,15,BMI
38,40,19,BMI
39,30-34.9,5,BMI
39,35-39.9,15,BMI
39,40,18,BMI
40,30-34.9,5,BMI
40,35-39.9,14,BMI
40,40,18,BMI
41,30-34.9,5,BMI
41,35-39.9,14,BMI
41,40,17,BMI
42,30-34.9,5,BMI
42,35-39.9,14,BMI
42,40,17,BMI
43,30-34.9,5,BMI
43,35-39.9,14,BMI
43,40,17,BMI
44,30-34.9,5,BMI
44,35-39.9,13,BMI
44,40,16,BMI
45,30-34.9,5,BMI
45,35-39.9,13,BMI
45,40,16,BMI
46,30-34.9,5,BMI
46,35-39.9,13,BMI
46,40,16,BMI
47,30-34.9,4,BMI
47,35-39.9,13,BMI
47,40,15,BMI
48,30-34.9,4,BMI
48,35-39.9,12,BMI
48,40,15,BMI
49,30-34.9,4,BMI
49,35-39.9,12,BMI
49,40,14,BMI
50,30-34.9,4,BMI
50,35-39.9,12,BMI
50,40,14,BMI
51,30-34.9,4,BMI
51,35-39.9,11,BMI
51,40,14,BMI
52,30-34.9,4,BMI
52,35-39.9,11,BMI
52,40,13,BMI
53,30-34.9,3,BMI
53,35-39.9,11,BMI
53,40,13,BMI
54,30-34.9,3,BMI
54,35-39.9,10,BMI
54,40,12,BMI
55,30-34.9,3,BMI
55,35-39.9,10,BMI
55,40,12,BMI
56,30-34.9,4,BMI
56,35-39.9,10,BMI
56,40,12,BMI
57,30-34.9,3,BMI
57,35-39.9,10,BMI
57,40,11,BMI
58,30-34.9,3,BMI
58,35-39.9,9,BMI
58,40,11,BMI
59,30-34.9,3,BMI
59,35-39.9,9,BMI
59,40,11,BMI
60,30-34.9,3,BMI
60,35-39.9,9,BMI
60,40,10,BMI
61,30-34.9,2,BMI
61,35-39.9,8,BMI
61,40,10,BMI
62,30-34.9,2,BMI
62,35-39.9,8,BMI
62,40,10,BMI
63,30-34.9,2,BMI
63,35-39.9,8,BMI
63,40,9,BMI
64,30-34.9,2,BMI
64,35-39.9,7,BMI
64,40,9,BMI
65,30-34.9,2,BMI
65,35-39.9,7,BMI
65,40,9,BMI
66,30-34.9,2,BMI
66,35-39.9,7,BMI
66,40,8,BMI
67,30-34.9,2,BMI
67,35-39.9,6,BMI
67,40,8,BMI
68,30-34.9,2,BMI
68,35-39.9,6,BMI
68,40,7,BMI
69,30-34.9,2,BMI
69,35-39.9,5,BMI
69,40,7,BMI
70,30-34.9,2,BMI
70,35-39.9,5,BMI
70,40,7,BMI
71,30-34.9,1,BMI
71,35-39.9,5,BMI
71,40,6,BMI
72,30-34.9,1,BMI
72,35-39.9,4,BMI
72,40,6,BMI
73,30-34.9,1,BMI
73,35-39.9,4,BMI
73,40,5,BMI
74,30-34.9,1,BMI
74,35-39.9,3,BMI
74,40,5,BMI
75,30-34.9,1,BMI
75,35-39.9,3,BMI
75,40,5,BMI
20,Mild,1,Asthma
20,Severe,15,Asthma
20,Other chronic respiratory disease,17,Other
21,Mild,1,Asthma
21,Severe,15,Asthma
21,Other chronic respiratory disease,17,Other
22,Mild,1,Asthma
22,Severe,15,Asthma
22,Other chronic respiratory disease,17,Other
23,Mild,1,Asthma
23,Severe,15,Asthma
23,Other chronic respiratory disease,17,Other
24,Mild,1,Asthma
24,Severe,15,Asthma
24,Other chronic respiratory disease,17,Other
25,Mild,1,Asthma
25,Severe,15,Asthma
25,Other chronic respiratory disease,16,Other
26,Mild,1,Asthma
26,Severe,14,Asthma
26,Other chronic respiratory disease,16,Other
27,Mild,1,Asthma
27,Severe,14,Asthma
27,Other chronic respiratory disease,16,Other
28,Mild,1,Asthma
28,Severe,14,Asthma
28,Other chronic respiratory disease,16,Other
29,Mild,1,Asthma
29,Severe,14,Asthma
29,Other chronic respiratory disease,16,Other
30,Mild,1,Asthma
30,Severe,14,Asthma
30,Other chronic respiratory disease,16,Other
31,Mild,1,Asthma
31,Severe,14,Asthma
31,Other chronic respiratory disease,15,Other
32,Mild,1,Asthma
32,Severe,14,Asthma
32,Other chronic respiratory disease,15,Other
33,Mild,1,Asthma
33,Severe,13,Asthma
33,Other chronic respiratory disease,15,Other
34,Mild,1,Asthma
34,Severe,13,Asthma
34,Other chronic respiratory disease,15,Other
35,Mild,1,Asthma
35,Severe,13,Asthma
35,Other chronic respiratory disease,15,Other
36,Mild,1,Asthma
36,Severe,13,Asthma
36,Other chronic respiratory disease,14,Other
37,Mild,1,Asthma
37,Severe,13,Asthma
37,Other chronic respiratory disease,14,Other
38,Mild,1,Asthma
38,Severe,12,Asthma
38,Other chronic respiratory disease,14,Other
39,Mild,1,Asthma
39,Severe,12,Asthma
39,Other chronic respiratory disease,14,Other
40,Mild,1,Asthma
40,Severe,12,Asthma
40,Other chronic respiratory disease,14,Other
41,Mild,1,Asthma
41,Severe,12,Asthma
41,Other chronic respiratory disease,13,Other
42,Mild,1,Asthma
42,Severe,12,Asthma
42,Other chronic respiratory disease,13,Other
43,Mild,1,Asthma
43,Severe,11,Asthma
43,Other chronic respiratory disease,13,Other
44,Mild,1,Asthma
44,Severe,11,Asthma
44,Other chronic respiratory disease,13,Other
45,Mild,1,Asthma
45,Severe,11,Asthma
45,Other chronic respiratory disease,13,Other
46,Mild,1,Asthma
46,Severe,11,Asthma
46,Other chronic respiratory disease,13,Other
47,Mild,1,Asthma
47,Severe,10,Asthma
47,Other chronic respiratory disease,12,Other
48,Mild,1,Asthma
48,Severe,10,Asthma
48,Other chronic respiratory disease,12,Other
49,Mild,1,Asthma
49,Severe,10,Asthma
49,Other chronic respiratory disease,12,Other
50,Mild,1,Asthma
50,Severe,9,Asthma
50,Other chronic respiratory disease,12,Other
51,Mild,1,Asthma
51,Severe,9,Asthma
51,Other chronic respiratory disease,12,Other
52,Mild,1,Asthma
52,Severe,9,Asthma
52,Other chronic respiratory disease,11,Other
53,Mild,1,Asthma
53,Severe,9,Asthma
53,Other chronic respiratory disease,11,Other
54,Mild,1,Asthma
54,Severe,8,Asthma
54,Other chronic respiratory disease,11,Other
55,Mild,1,Asthma
55,Severe,8,Asthma
55,Other chronic respiratory disease,11,Other
56,Mild,1,Asthma
56,Severe,8,Asthma
56,Other chronic respiratory disease,10,Other
57,Mild,1,Asthma
57,Severe,7,Asthma
57,Other chronic respiratory disease,10,Other
58,Mild,1,Asthma
58,Severe,7,Asthma
58,Other chronic respiratory disease,10,Other
59,Mild,1,Asthma
59,Severe,7,Asthma
59,Other chronic respiratory disease,9,Other
60,Mild,1,Asthma
60,Severe,6,Asthma
60,Other chronic respiratory disease,9,Other
61,Mild,1,Asthma
61,Severe,6,Asthma
61,Other chronic respiratory disease,9,Other
62,Mild,1,Asthma
62,Severe,5,Asthma
62,Other chronic respiratory disease,8,Other
63,Mild,1,Asthma
63,Severe,5,Asthma
63,Other chronic respiratory disease,8,Other
64,Mild,1,Asthma
64,Severe,4,Asthma
64,Other chronic respiratory disease,8,Other
65,Mild,1,Asthma
65,Severe,4,Asthma
65,Other chronic respiratory disease,7,Other
66,Mild,1,Asthma
66,Severe,4,Asthma
66,Other chronic respiratory disease,7,Other
67,Mild,1,Asthma
67,Severe,4,Asthma
67,Other chronic respiratory disease,7,Other
68,Mild,1,Asthma
68,Severe,3,Asthma
68,Other chronic respiratory disease,7,Other
69,Mild,1,Asthma
69,Severe,3,Asthma
69,Other chronic respiratory disease,7,Other
70,Mild,1,Asthma
70,Severe,3,Asthma
70,Other chronic respiratory disease,6,Other
71,Mild,1,Asthma
71,Severe,3,Asthma
71,Other chronic respiratory disease,6,Other
72,Mild,1,Asthma
72,Severe,2,Asthma
72,Other chronic respiratory disease,6,Other
73,Mild,1,Asthma
73,Severe,2,Asthma
73,Other chronic respiratory disease,6,Other
74,Mild,1,Asthma
74,Severe,2,Asthma
74,Other chronic respiratory disease,6,Other
75,Mild,1,Asthma
75,Severe,2,Asthma
75,Other chronic respiratory disease,6,Other
20,Type 1 <= HbA158 mmol/mol in past year,24,Diabetes
20,Type 1 > HbA158 mmol/mol in past year,27,Diabetes
20,Type 1 HbA1c unknown,29,Diabetes
20,Type 2 and other <= HbA158 mmol/mol in past year,21,Diabetes
20,Type 2 and other > HbA158 mmol/mol in past year,23,Diabetes
20,Type 2 and other HbA1c unknown,22,Diabetes
21,Type 1 <= HbA158 mmol/mol in past year,24,Diabetes
21,Type 1 > HbA158 mmol/mol in past year,27,Diabetes
21,Type 1 HbA1c unknown,29,Diabetes
21,Type 2 and other <= HbA158 mmol/mol in past year,21,Diabetes
21,Type 2 and other > HbA158 mmol/mol in past year,23,Diabetes
21,Type 2 and other HbA1c unknown,22,Diabetes
22,Type 1 <= HbA158 mmol/mol in past year,24,Diabetes
22,Type 1 > HbA158 mmol/mol in past year,27,Diabetes
22,Type 1 HbA1c unknown,29,Diabetes
22,Type 2 and other <= HbA158 mmol/mol in past year,21,Diabetes
22,Type 2 and other > HbA158 mmol/mol in past year,23,Diabetes
22,Type 2 and other HbA1c unknown,22,Diabetes
23,Type 1 <= HbA158 mmol/mol in past year,24,Diabetes
23,Type 1 > HbA158 mmol/mol in past year,27,Diabetes
23,Type 1 HbA1c unknown,29,Diabetes
23,Type 2 and other <= HbA158 mmol/mol in past year,21,Diabetes
23,Type 2 and other > HbA158 mmol/mol in past year,23,Diabetes
23,Type 2 and other HbA1c unknown,22,Diabetes
24,Type 1 <= HbA158 mmol/mol in past year,24,Diabetes
24,Type 1 > HbA158 mmol/mol in past year,27,Diabetes
24,Type 1 HbA1c unknown,29,Diabetes
24,Type 2 and other <= HbA158 mmol/mol in past year,21,Diabetes
24,Type 2 and other > HbA158 mmol/mol in past year,23,Diabetes
24,Type 2 and other HbA1c unknown,22,Diabetes
25,Type 1 <= HbA158 mmol/mol in past year,24,Diabetes
25,Type 1 > HbA158 mmol/mol in past year,27,Diabetes
25,Type 1 HbA1c unknown,28,Diabetes
25,Type 2 and other <= HbA158 mmol/mol in past year,20,Diabetes
25,Type 2 and other > HbA158 mmol/mol in past year,22,Diabetes
25,Type 2 and other HbA1c unknown,21,Diabetes
26,Type 1 <= HbA158 mmol/mol in past year,23,Diabetes
26,Type 1 > HbA158 mmol/mol in past year,26,Diabetes
26,Type 1 HbA1c unknown,28,Diabetes
26,Type 2 and other <= HbA158 mmol/mol in past year,20,Diabetes
26,Type 2 and other > HbA158 mmol/mol in past year,22,Diabetes
26,Type 2 and other HbA1c unknown,21,Diabetes
27,Type 1 <= HbA158 mmol/mol in past year,23,Diabetes
27,Type 1 > HbA158 mmol/mol in past year,26,Diabetes
27,Type 1 HbA1c unknown,28,Diabetes
27,Type 2 and other <= HbA158 mmol/mol in past year,20,Diabetes
27,Type 2 and other > HbA158 mmol/mol in past year,22,Diabetes
27,Type 2 and other HbA1c unknown,21,Diabetes
28,Type 1 <= HbA158 mmol/mol in past year,23,Diabetes
28,Type 1 > HbA158 mmol/mol in past year,26,Diabetes
28,Type 1 HbA1c unknown,28,Diabetes
28,Type 2 and other <= HbA158 mmol/mol in past year,20,Diabetes
28,Type 2 and other > HbA158 mmol/mol in past year,22,Diabetes
28,Type 2 and other HbA1c unknown,21,Diabetes
29,Type 1 <= HbA158 mmol/mol in past year,23,Diabetes
29,Type 1 > HbA158 mmol/mol in past year,26,Diabetes
29,Type 1 HbA1c unknown,28,Diabetes
29,Type 2 and other <= HbA158 mmol/mol in past year,20,Diabetes
29,Type 2 and other > HbA158 mmol/mol in past year,22,Diabetes
29,Type 2 and other HbA1c unknown,21,Diabetes
30,Type 1 <= HbA158 mmol/mol in past year,23,Diabetes
30,Type 1 > HbA158 mmol/mol in past year,26,Diabetes
30,Type 1 HbA1c unknown,28,Diabetes
30,Type 2 and other <= HbA158 mmol/mol in past year,20,Diabetes
30,Type 2 and other > HbA158 mmol/mol in past year,22,Diabetes
30,Type 2 and other HbA1c unknown,21,Diabetes
31,Type 1 <= HbA158 mmol/mol in past year,23,Diabetes
31,Type 1 > HbA158 mmol/mol in past year,26,Diabetes
31,Type 1 HbA1c unknown,28,Diabetes
31,Type 2 and other <= HbA158 mmol/mol in past year,20,Diabetes
31,Type 2 and other > HbA158 mmol/mol in past year,22,Diabetes
31,Type 2 and other HbA1c unknown,21,Diabetes
32,Type 1 <= HbA158 mmol/mol in past year,22,Diabetes
32,Type 1 > HbA158 mmol/mol in past year,25,Diabetes
32,Type 1 HbA1c unknown,28,Diabetes
32,Type 2 and other <= HbA158 mmol/mol in past year,20,Diabetes
32,Type 2 and other > HbA158 mmol/mol in past year,22,Diabetes
32,Type 2 and other HbA1c unknown,21,Diabetes
33,Type 1 <= HbA158 mmol/mol in past year,22,Diabetes
33,Type 1 > HbA158 mmol/mol in past year,25,Diabetes
33,Type 1 HbA1c unknown,27,Diabetes
33,Type 2 and other <= HbA158 mmol/mol in past year,19,Diabetes
33,Type 2 and other > HbA158 mmol/mol in past year,21,Diabetes
33,Type 2 and other HbA1c unknown,21,Diabetes
34,Type 1 <= HbA158 mmol/mol in past year,22,Diabetes
34,Type 1 > HbA158 mmol/mol in past year,25,Diabetes
34,Type 1 HbA1c unknown,27,Diabetes
34,Type 2 and other <= HbA158 mmol/mol in past year,19,Diabetes
34,Type 2 and other > HbA158 mmol/mol in past year,21,Diabetes
34,Type 2 and other HbA1c unknown,21,Diabetes
35,Type 1 <= HbA158 mmol/mol in past year,22,Diabetes
35,Type 1 > HbA158 mmol/mol in past year,25,Diabetes
35,Type 1 HbA1c unknown,27,Diabetes
35,Type 2 and other <= HbA158 mmol/mol in past year,19,Diabetes
35,Type 2 and other > HbA158 mmol/mol in past year,21,Diabetes
35,Type 2 and other HbA1c unknown,21,Diabetes
36,Type 1 <= HbA158 mmol/mol in past year,22,Diabetes
36,Type 1 > HbA158 mmol/mol in past year,25,Diabetes
36,Type 1 HbA1c unknown,27,Diabetes
36,Type 2 and other <= HbA158 mmol/mol in past year,19,Diabetes
36,Type 2 and other > HbA158 mmol/mol in past year,21,Diabetes
36,Type 2 and other HbA1c unknown,21,Diabetes
37,Type 1 <= HbA158 mmol/mol in past year,21,Diabetes
37,Type 1 > HbA158 mmol/mol in past year,25,Diabetes
37,Type 1 HbA1c unknown,27,Diabetes
37,Type 2 and other <= HbA158 mmol/mol in past year,19,Diabetes
37,Type 2 and other > HbA158 mmol/mol in past year,21,Diabetes
37,Type 2 and other HbA1c unknown,21,Diabetes
38,Type 1 <= HbA158 mmol/mol in past year,21,Diabetes
38,Type 1 > HbA158 mmol/mol in past year,24,Diabetes
38,Type 1 HbA1c unknown,26,Diabetes
38,Type 2 and other <= HbA158 mmol/mol in past year,19,Diabetes
38,Type 2 and other > HbA158 mmol/mol in past year,21,Diabetes
38,Type 2 and other HbA1c unknown,20,Diabetes
39,Type 1 <= HbA158 mmol/mol in past year,21,Diabetes
39,Type 1 > HbA158 mmol/mol in past year,24,Diabetes
39,Type 1 HbA1c unknown,26,Diabetes
39,Type 2 and other <= HbA158 mmol/mol in past year,19,Diabetes
39,Type 2 and other > HbA158 mmol/mol in past year,21,Diabetes
39,Type 2 and other HbA1c unknown,20,Diabetes
40,Type 1 <= HbA158 mmol/mol in past year,21,Diabetes
40,Type 1 > HbA158 mmol/mol in past year,24,Diabetes
40,Type 1 HbA1c unknown,26,Diabetes
40,Type 2 and other <= HbA158 mmol/mol in past year,19,Diabetes
40,Type 2 and other > HbA158 mmol/mol in past year,21,Diabetes
40,Type 2 and other HbA1c unknown,20,Diabetes
41,Type 1 <= HbA158 mmol/mol in past year,21,Diabetes
41,Type 1 > HbA158 mmol/mol in past year,24,Diabetes
41,Type 1 HbA1c unknown,26,Diabetes
41,Type 2 and other <= HbA158 mmol/mol in past year,18,Diabetes
41,Type 2 and other > HbA158 mmol/mol in past year,20,Diabetes
41,Type 2 and other HbA1c unknown,20,Diabetes
42,Type 1 <= HbA158 mmol/mol in past year,20,Diabetes
42,Type 1 > HbA158 mmol/mol in past year,24,Diabetes
42,Type 1 HbA1c unknown,25,Diabetes
42,Type 2 and other <= HbA158 mmol/mol in past year,18,Diabetes
42,Type 2 and other > HbA158 mmol/mol in past year,20,Diabetes
42,Type 2 and other HbA1c unknown,20,Diabetes
43,Type 1 <= HbA158 mmol/mol in past year,20,Diabetes
43,Type 1 > HbA158 mmol/mol in past year,23,Diabetes
43,Type 1 HbA1c unknown,25,Diabetes
43,Type 2 and other <= HbA158 mmol/mol in past year,18,Diabetes
43,Type 2 and other > HbA158 mmol/mol in past year,20,Diabetes
43,Type 2 and other HbA1c unknown,20,Diabetes
44,Type 1 <= HbA158 mmol/mol in past year,20,Diabetes
44,Type 1 > HbA158 mmol/mol in past year,23,Diabetes
44,Type 1 HbA1c unknown,25,Diabetes
44,Type 2 and other <= HbA158 mmol/mol in past year,18,Diabetes
44,Type 2 and other > HbA158 mmol/mol in past year,20,Diabetes
44,Type 2 and other HbA1c unknown,20,Diabetes
45,Type 1 <= HbA158 mmol/mol in past year,20,Diabetes
45,Type 1 > HbA158 mmol/mol in past year,23,Diabetes
45,Type 1 HbA1c unknown,25,Diabetes
45,Type 2 and other <= HbA158 mmol/mol in past year,18,Diabetes
45,Type 2 and other > HbA158 mmol/mol in past year,20,Diabetes
45,Type 2 and other HbA1c unknown,20,Diabetes
46,Type 1 <= HbA158 mmol/mol in past year,20,Diabetes
46,Type 1 > HbA158 mmol/mol in past year,23,Diabetes
46,Type 1 HbA1c unknown,24,Diabetes
46,Type 2 and other <= HbA158 mmol/mol in past year,17,Diabetes
46,Type 2 and other > HbA158 mmol/mol in past year,19,Diabetes
46,Type 2 and other HbA1c unknown,19,Diabetes
47,Type 1 <= HbA158 mmol/mol in past year,19,Diabetes
47,Type 1 > HbA158 mmol/mol in past year,22,Diabetes
47,Type 1 HbA1c unknown,24,Diabetes
47,Type 2 and other <= HbA158 mmol/mol in past year,17,Diabetes
47,Type 2 and other > HbA158 mmol/mol in past year,19,Diabetes
47,Type 2 and other HbA1c unknown,19,Diabetes
48,Type 1 <= HbA158 mmol/mol in past year,19,Diabetes
48,Type 1 > HbA158 mmol/mol in past year,22,Diabetes
48,Type 1 HbA1c unknown,24,Diabetes
48,Type 2 and other <= HbA158 mmol/mol in past year,17,Diabetes
48,Type 2 and other > HbA158 mmol/mol in past year,19,Diabetes
48,Type 2 and other HbA1c unknown,19,Diabetes
49,Type 1 <= HbA158 mmol/mol in past year,18,Diabetes
49,Type 1 > HbA158 mmol/mol in past year,22,Diabetes
49,Type 1 HbA1c unknown,23,Diabetes
49,Type 2 and other <= HbA158 mmol/mol in past year,16,Diabetes
49,Type 2 and other > HbA158 mmol/mol in past year,18,Diabetes
49,Type 2 and other HbA1c unknown,18,Diabetes
50,Type 1 <= HbA158 mmol/mol in past year,18,Diabetes
50,Type 1 > HbA158 mmol/mol in past year,21,Diabetes
50,Type 1 HbA1c unknown,23,Diabetes
50,Type 2 and other <= HbA158 mmol/mol in past year,16,Diabetes
50,Type 2 and other > HbA158 mmol/mol in past year,18,Diabetes
50,Type 2 and other HbA1c unknown,18,Diabetes
51,Type 1 <= HbA158 mmol/mol in past year,18,Diabetes
51,Type 1 > HbA158 mmol/mol in past year,21,Diabetes
51,Type 1 HbA1c unknown,23,Diabetes
51,Type 2 and other <= HbA158 mmol/mol in past year,16,Diabetes
51,Type 2 and other > HbA158 mmol/mol in past year,18,Diabetes
51,Type 2 and other HbA1c unknown,18,Diabetes
52,Type 1 <= HbA158 mmol/mol in past year,17,Diabetes
52,Type 1 > HbA158 mmol/mol in past year,20,Diabetes
52,Type 1 HbA1c unknown,22,Diabetes
52,Type 2 and other <= HbA158 mmol/mol in past year,15,Diabetes
52,Type 2 and other > HbA158 mmol/mol in past year,17,Diabetes
52,Type 2 and other HbA1c unknown,17,Diabetes
53,Type 1 <= HbA158 mmol/mol in past year,17,Diabetes
53,Type 1 > HbA158 mmol/mol in past year,20,Diabetes
53,Type 1 HbA1c unknown,22,Diabetes
53,Type 2 and other <= HbA158 mmol/mol in past year,15,Diabetes
53,Type 2 and other > HbA158 mmol/mol in past year,17,Diabetes
53,Type 2 and other HbA1c unknown,17,Diabetes
54,Type 1 <= HbA158 mmol/mol in past year,16,Diabetes
54,Type 1 > HbA158 mmol/mol in past year,19,Diabetes
54,Type 1 HbA1c unknown,21,Diabetes
54,Type 2 and other <= HbA158 mmol/mol in past year,14,Diabetes
54,Type 2 and other > HbA158 mmol/mol in past year,16,Diabetes
54,Type 2 and other HbA1c unknown,16,Diabetes
55,Type 1 <= HbA158 mmol/mol in past year,16,Diabetes
55,Type 1 > HbA158 mmol/mol in past year,19,Diabetes
55,Type 1 HbA1c unknown,21,Diabetes
55,Type 2 and other <= HbA158 mmol/mol in past year,14,Diabetes
55,Type 2 and other > HbA158 mmol/mol in past year,16,Diabetes
55,Type 2 and other HbA1c unknown,16,Diabetes
56,Type 1 <= HbA158 mmol/mol in past year,16,Diabetes
56,Type 1 > HbA158 mmol/mol in past year,19,Diabetes
56,Type 1 HbA1c unknown,20,Diabetes
56,Type 2 and other <= HbA158 mmol/mol in past year,14,Diabetes
56,Type 2 and other > HbA158 mmol/mol in past year,16,Diabetes
56,Type 2 and other HbA1c unknown,16,Diabetes
57,Type 1 <= HbA158 mmol/mol in past year,15,Diabetes
57,Type 1 > HbA158 mmol/mol in past year,18,Diabetes
57,Type 1 HbA1c unknown,20,Diabetes
57,Type 2 and other <= HbA158 mmol/mol in past year,13,Diabetes
57,Type 2 and other > HbA158 mmol/mol in past year,15,Diabetes
57,Type 2 and other HbA1c unknown,15,Diabetes
58,Type 1 <= HbA158 mmol/mol in past year,15,Diabetes
58,Type 1 > HbA158 mmol/mol in past year,18,Diabetes
58,Type 1 HbA1c unknown,19,Diabetes
58,Type 2 and other <= HbA158 mmol/mol in past year,13,Diabetes
58,Type 2 and other > HbA158 mmol/mol in past year,15,Diabetes
58,Type 2 and other HbA1c unknown,15,Diabetes
59,Type 1 <= HbA158 mmol/mol in past year,14,Diabetes
59,Type 1 > HbA158 mmol/mol in past year,17,Diabetes
59,Type 1 HbA1c unknown,19,Diabetes
59,Type 2 and other <= HbA158 mmol/mol in past year,12,Diabetes
59,Type 2 and other > HbA158 mmol/mol in past year,14,Diabetes
59,Type 2 and other HbA1c unknown,14,Diabetes
60,Type 1 <= HbA158 mmol/mol in past year,14,Diabetes
60,Type 1 > HbA158 mmol/mol in past year,17,Diabetes
60,Type 1 HbA1c unknown,18,Diabetes
60,Type 2 and other <= HbA158 mmol/mol in past year,12,Diabetes
60,Type 2 and other > HbA158 mmol/mol in past year,14,Diabetes
60,Type 2 and other HbA1c unknown,14,Diabetes
61,Type 1 <= HbA158 mmol/mol in past year,13,Diabetes
61,Type 1 > HbA158 mmol/mol in past year,16,Diabetes
61,Type 1 HbA1c unknown,18,Diabetes
61,Type 2 and other <= HbA158 mmol/mol in past year,11,Diabetes
61,Type 2 and other > HbA158 mmol/mol in past year,13,Diabetes
61,Type 2 and other HbA1c unknown,13,Diabetes
62,Type 1 <= HbA158 mmol/mol in past year,13,Diabetes
62,Type 1 > HbA158 mmol/mol in past year,16,Diabetes
62,Type 1 HbA1c unknown,17,Diabetes
62,Type 2 and other <= HbA158 mmol/mol in past year,11,Diabetes
62,Type 2 and other > HbA158 mmol/mol in past year,13,Diabetes
62,Type 2 and other HbA1c unknown,13,Diabetes
63,Type 1 <= HbA158 mmol/mol in past year,12,Diabetes
63,Type 1 > HbA158 mmol/mol in past year,15,Diabetes
63,Type 1 HbA1c unknown,17,Diabetes
63,Type 2 and other <= HbA158 mmol/mol in past year,10,Diabetes
63,Type 2 and other > HbA158 mmol/mol in past year,12,Diabetes
63,Type 2 and other HbA1c unknown,12,Diabetes
64,Type 1 <= HbA158 mmol/mol in past year,12,Diabetes
64,Type 1 > HbA158 mmol/mol in past year,15,Diabetes
64,Type 1 HbA1c unknown,16,Diabetes
64,Type 2 and other <= HbA158 mmol/mol in past year,10,Diabetes
64,Type 2 and other > HbA158 mmol/mol in past year,12,Diabetes
64,Type 2 and other HbA1c unknown,12,Diabetes
65,Type 1 <= HbA158 mmol/mol in past year,11,Diabetes
65,Type 1 > HbA158 mmol/mol in past year,14,Diabetes
65,Type 1 HbA1c unknown,16,Diabetes
65,Type 2 and other <= HbA158 mmol/mol in past year,9,Diabetes
65,Type 2 and other > HbA158 mmol/mol in past year,11,Diabetes
65,Type 2 and other HbA1c unknown,11,Diabetes
66,Type 1 <= HbA158 mmol/mol in past year,11,Diabetes
66,Type 1 > HbA158 mmol/mol in past year,14,Diabetes
66,Type 1 HbA1c unknown,15,Diabetes
66,Type 2 and other <= HbA158 mmol/mol in past year,9,Diabetes
66,Type 2 and other > HbA158 mmol/mol in past year,11,Diabetes
66,Type 2 and other HbA1c unknown,11,Diabetes
67,Type 1 <= HbA158 mmol/mol in past year,11,Diabetes
67,Type 1 > HbA158 mmol/mol in past year,14,Diabetes
67,Type 1 HbA1c unknown,15,Diabetes
67,Type 2 and other <= HbA158 mmol/mol in past year,8,Diabetes
67,Type 2 and other > HbA158 mmol/mol in past year,11,Diabetes
67,Type 2 and other HbA1c unknown,11,Diabetes
68,Type 1 <= HbA158 mmol/mol in past year,10,Diabetes
68,Type 1 > HbA158 mmol/mol in past year,13,Diabetes
68,Type 1 HbA1c unknown,14,Diabetes
68,Type 2 and other <= HbA158 mmol/mol in past year,8,Diabetes
68,Type 2 and other > HbA158 mmol/mol in past year,10,Diabetes
68,Type 2 and other HbA1c unknown,10,Diabetes
69,Type 1 <= HbA158 mmol/mol in past year,10,Diabetes
69,Type 1 > HbA158 mmol/mol in past year,13,Diabetes
69,Type 1 HbA1c unknown,14,Diabetes
69,Type 2 and other <= HbA158 mmol/mol in past year,7,Diabetes
69,Type 2 and other > HbA158 mmol/mol in past year,10,Diabetes
69,Type 2 and other HbA1c unknown,10,Diabetes
70,Type 1 <= HbA158 mmol/mol in past year,10,Diabetes
70,Type 1 > HbA158 mmol/mol in past year,13,Diabetes
70,Type 1 HbA1c unknown,14,Diabetes
70,Type 2 and other <= HbA158 mmol/mol in past year,7,Diabetes
70,Type 2 and other > HbA158 mmol/mol in past year,9,Diabetes
70,Type 2 and other HbA1c unknown,9,Diabetes
71,Type 1 <= HbA158 mmol/mol in past year,9,Diabetes
71,Type 1 > HbA158 mmol/mol in past year,12,Diabetes
71,Type 1 HbA1c unknown,13,Diabetes
71,Type 2 and other <= HbA158 mmol/mol in past year,6,Diabetes
71,Type 2 and other > HbA158 mmol/mol in past year,9,Diabetes
71,Type 2 and other HbA1c unknown,9,Diabetes
72,Type 1 <= HbA158 mmol/mol in past year,9,Diabetes
72,Type 1 > HbA158 mmol/mol in past year,12,Diabetes
72,Type 1 HbA1c unknown,13,Diabetes
72,Type 2 and other <= HbA158 mmol/mol in past year,6,Diabetes
72,Type 2 and other > HbA158 mmol/mol in past year,9,Diabetes
72,Type 2 and other HbA1c unknown,9,Diabetes
73,Type 1 <= HbA158 mmol/mol in past year,8,Diabetes
73,Type 1 > HbA158 mmol/mol in past year,12,Diabetes
73,Type 1 HbA1c unknown,12,Diabetes
73,Type 2 and other <= HbA158 mmol/mol in past year,6,Diabetes
73,Type 2 and other > HbA158 mmol/mol in past year,8,Diabetes
73,Type 2 and other HbA1c unknown,8,Diabetes
74,Type 1 <= HbA158 mmol/mol in past year,8,Diabetes
74,Type 1 > HbA158 mmol/mol in past year,11,Diabetes
74,Type 1 HbA1c unknown,12,Diabetes
74,Type 2 and other <= HbA158 mmol/mol in past year,5,Diabetes
74,Type 2 and other > HbA158 mmol/mol in past year,8,Diabetes
74,Type 2 and other HbA1c unknown,8,Diabetes
75,Type 1 <= HbA158 mmol/mol in past year,8,Diabetes
75,Type 1 > HbA158 mmol/mol in past year,11,Diabetes
75,Type 1 HbA1c unknown,12,Diabetes
75,Type 2 and other <= HbA158 mmol/mol in past year,5,Diabetes
75,Type 2 and other > HbA158 mmol/mol in past year,8,Diabetes
75,Type 2 and other HbA1c unknown,7,Diabetes
20,Estimated GFR 30-60 mL/min,42,Chronic kidney disease
20,Estimated GFR 30 mL/min,53,Chronic kidney disease
21,Estimated GFR 30-60 mL/min,41,Chronic kidney disease
21,Estimated GFR 30 mL/min,52,Chronic kidney disease
22,Estimated GFR 30-60 mL/min,40,Chronic kidney disease
22,Estimated GFR 30 mL/min,51,Chronic kidney disease
23,Estimated GFR 30-60 mL/min,39,Chronic kidney disease
23,Estimated GFR 30 mL/min,50,Chronic kidney disease
24,Estimated GFR 30-60 mL/min,38,Chronic kidney disease
24,Estimated GFR 30 mL/min,50,Chronic kidney disease
25,Estimated GFR 30-60 mL/min,37,Chronic kidney disease
25,Estimated GFR 30 mL/min,49,Chronic kidney disease
26,Estimated GFR 30-60 mL/min,37,Chronic kidney disease
26,Estimated GFR 30 mL/min,48,Chronic kidney disease
27,Estimated GFR 30-60 mL/min,36,Chronic kidney disease
27,Estimated GFR 30 mL/min,47,Chronic kidney disease
28,Estimated GFR 30-60 mL/min,35,Chronic kidney disease
28,Estimated GFR 30 mL/min,46,Chronic kidney disease
29,Estimated GFR 30-60 mL/min,34,Chronic kidney disease
29,Estimated GFR 30 mL/min,46,Chronic kidney disease
30,Estimated GFR 30-60 mL/min,33,Chronic kidney disease
30,Estimated GFR 30 mL/min,45,Chronic kidney disease
31,Estimated GFR 30-60 mL/min,32,Chronic kidney disease
31,Estimated GFR 30 mL/min,44,Chronic kidney disease
32,Estimated GFR 30-60 mL/min,32,Chronic kidney disease
32,Estimated GFR 30 mL/min,44,Chronic kidney disease
33,Estimated GFR 30-60 mL/min,31,Chronic kidney disease
33,Estimated GFR 30 mL/min,43,Chronic kidney disease
34,Estimated GFR 30-60 mL/min,30,Chronic kidney disease
34,Estimated GFR 30 mL/min,42,Chronic kidney disease
35,Estimated GFR 30-60 mL/min,29,Chronic kidney disease
35,Estimated GFR 30 mL/min,41,Chronic kidney disease
36,Estimated GFR 30-60 mL/min,28,Chronic kidney disease
36,Estimated GFR 30 mL/min,40,Chronic kidney disease
37,Estimated GFR 30-60 mL/min,27,Chronic kidney disease
37,Estimated GFR 30 mL/min,39,Chronic kidney disease
38,Estimated GFR 30-60 mL/min,26,Chronic kidney disease
38,Estimated GFR 30 mL/min,38,Chronic kidney disease
39,Estimated GFR 30-60 mL/min,26,Chronic kidney disease
39,Estimated GFR 30 mL/min,37,Chronic kidney disease
40,Estimated GFR 30-60 mL/min,25,Chronic kidney disease
40,Estimated GFR 30 mL/min,36,Chronic kidney disease
41,Estimated GFR 30-60 mL/min,24,Chronic kidney disease
41,Estimated GFR 30 mL/min,35,Chronic kidney disease
42,Estimated GFR 30-60 mL/min,23,Chronic kidney disease
42,Estimated GFR 30 mL/min,35,Chronic kidney disease
43,Estimated GFR 30-60 mL/min,22,Chronic kidney disease
43,Estimated GFR 30 mL/min,34,Chronic kidney disease
44,Estimated GFR 30-60 mL/min,21,Chronic kidney disease
44,Estimated GFR 30 mL/min,33,Chronic kidney disease
45,Estimated GFR 30-60 mL/min,20,Chronic kidney disease
45,Estimated GFR 30 mL/min,33,Chronic kidney disease
46,Estimated GFR 30-60 mL/min,19,Chronic kidney disease
46,Estimated GFR 30 mL/min,32,Chronic kidney disease
47,Estimated GFR 30-60 mL/min,19,Chronic kidney disease
47,Estimated GFR 30 mL/min,32,Chronic kidney disease
48,Estimated GFR 30-60 mL/min,18,Chronic kidney disease
48,Estimated GFR 30 mL/min,31,Chronic kidney disease
49,Estimated GFR 30-60 mL/min,18,Chronic kidney disease
49,Estimated GFR 30 mL/min,30,Chronic kidney disease
50,Estimated GFR 30-60 mL/min,17,Chronic kidney disease
50,Estimated GFR 30 mL/min,30,Chronic kidney disease
51,Estimated GFR 30-60 mL/min,16,Chronic kidney disease
51,Estimated GFR 30 mL/min,29,Chronic kidney disease
52,Estimated GFR 30-60 mL/min,16,Chronic kidney disease
52,Estimated GFR 30 mL/min,28,Chronic kidney disease
53,Estimated GFR 30-60 mL/min,15,Chronic kidney disease
53,Estimated GFR 30 mL/min,28,Chronic kidney disease
54,Estimated GFR 30-60 mL/min,14,Chronic kidney disease
54,Estimated GFR 30 mL/min,27,Chronic kidney disease
55,Estimated GFR 30-60 mL/min,14,Chronic kidney disease
55,Estimated GFR 30 mL/min,26,Chronic kidney disease
56,Estimated GFR 30-60 mL/min,13,Chronic kidney disease
56,Estimated GFR 30 mL/min,26,Chronic kidney disease
57,Estimated GFR 30-60 mL/min,13,Chronic kidney disease
57,Estimated GFR 30 mL/min,25,Chronic kidney disease
58,Estimated GFR 30-60 mL/min,12,Chronic kidney disease
58,Estimated GFR 30 mL/min,24,Chronic kidney disease
59,Estimated GFR 30-60 mL/min,11,Chronic kidney disease
59,Estimated GFR 30 mL/min,23,Chronic kidney disease
60,Estimated GFR 30-60 mL/min,11,Chronic kidney disease
60,Estimated GFR 30 mL/min,23,Chronic kidney disease
61,Estimated GFR 30-60 mL/min,10,Chronic kidney disease
61,Estimated GFR 30 mL/min,22,Chronic kidney disease
62,Estimated GFR 30-60 mL/min,9,Chronic kidney disease
62,Estimated GFR 30 mL/min,22,Chronic kidney disease
63,Estimated GFR 30-60 mL/min,9,Chronic kidney disease
63,Estimated GFR 30 mL/min,21,Chronic kidney disease
64,Estimated GFR 30-60 mL/min,8,Chronic kidney disease
64,Estimated GFR 30 mL/min,20,Chronic kidney disease
65,Estimated GFR 30-60 mL/min,8,Chronic kidney disease
65,Estimated GFR 30 mL/min,20,Chronic kidney disease
66,Estimated GFR 30-60 mL/min,7,Chronic kidney disease
66,Estimated GFR 30 mL/min,19,Chronic kidney disease
67,Estimated GFR 30-60 mL/min,7,Chronic kidney disease
67,Estimated GFR 30 mL/min,19,Chronic kidney disease
68,Estimated GFR 30-60 mL/min,6,Chronic kidney disease
68,Estimated GFR 30 mL/min,18,Chronic kidney disease
69,Estimated GFR 30-60 mL/min,6,Chronic kidney disease
69,Estimated GFR 30 mL/min,18,Chronic kidney disease
70,Estimated GFR 30-60 mL/min,5,Chronic kidney disease
70,Estimated GFR 30 mL/min,17,Chronic kidney disease
71,Estimated GFR 30-60 mL/min,5,Chronic kidney disease
71,Estimated GFR 30 mL/min,17,Chronic kidney disease
72,Estimated GFR 30-60 mL/min,4,Chronic kidney disease
72,Estimated GFR 30 mL/min,16,Chronic kidney disease
73,Estimated GFR 30-60 mL/min,4,Chronic kidney disease
73,Estimated GFR 30 mL/min,16,Chronic kidney disease
74,Estimated GFR 30-60 mL/min,3,Chronic kidney disease
74,Estimated GFR 30 mL/min,15,Chronic kidney disease
75,Estimated GFR 30-60 mL/min,3,Chronic kidney disease
75,Estimated GFR 30 mL/min,15,Chronic kidney disease
20,Diagnosed < 1 year ago,34,Non-haematological cancer
20,Diagnosed 1-4.9 years ago,25,Non-haematological cancer
20,Diagnosed >= 5 years ago,18,Non-haematological cancer
21,Diagnosed < 1 year ago,33,Non-haematological cancer
21,Diagnosed 1-4.9 years ago,25,Non-haematological cancer
21,Diagnosed >= 5 years ago,18,Non-haematological cancer
22,Diagnosed < 1 year ago,33,Non-haematological cancer
22,Diagnosed 1-4.9 years ago,25,Non-haematological cancer
22,Diagnosed >= 5 years ago,18,Non-haematological cancer
23,Diagnosed < 1 year ago,32,Non-haematological cancer
23,Diagnosed 1-4.9 years ago,24,Non-haematological cancer
23,Diagnosed >= 5 years ago,18,Non-haematological cancer
24,Diagnosed < 1 year ago,32,Non-haematological cancer
24,Diagnosed 1-4.9 years ago,24,Non-haematological cancer
24,Diagnosed >= 5 years ago,17,Non-haematological cancer
25,Diagnosed < 1 year ago,31,Non-haematological cancer
25,Diagnosed 1-4.9 years ago,24,Non-haematological cancer
25,Diagnosed >= 5 years ago,17,Non-haematological cancer
26,Diagnosed < 1 year ago,31,Non-haematological cancer
26,Diagnosed 1-4.9 years ago,23,Non-haematological cancer
26,Diagnosed >= 5 years ago,17,Non-haematological cancer
27,Diagnosed < 1 year ago,30,Non-haematological cancer
27,Diagnosed 1-4.9 years ago,23,Non-haematological cancer
27,Diagnosed >= 5 years ago,16,Non-haematological cancer
28,Diagnosed < 1 year ago,30,Non-haematological cancer
28,Diagnosed 1-4.9 years ago,22,Non-haematological cancer
28,Diagnosed >= 5 years ago,16,Non-haematological cancer
29,Diagnosed < 1 year ago,29,Non-haematological cancer
29,Diagnosed 1-4.9 years ago,22,Non-haematological cancer
29,Diagnosed >= 5 years ago,16,Non-haematological cancer
30,Diagnosed < 1 year ago,29,Non-haematological cancer
30,Diagnosed 1-4.9 years ago,22,Non-haematological cancer
30,Diagnosed >= 5 years ago,15,Non-haematological cancer
31,Diagnosed < 1 year ago,28,Non-haematological cancer
31,Diagnosed 1-4.9 years ago,21,Non-haematological cancer
31,Diagnosed >= 5 years ago,15,Non-haematological cancer
32,Diagnosed < 1 year ago,28,Non-haematological cancer
32,Diagnosed 1-4.9 years ago,21,Non-haematological cancer
32,Diagnosed >= 5 years ago,15,Non-haematological cancer
33,Diagnosed < 1 year ago,27,Non-haematological cancer
33,Diagnosed 1-4.9 years ago,21,Non-haematological cancer
33,Diagnosed >= 5 years ago,14,Non-haematological cancer
34,Diagnosed < 1 year ago,27,Non-haematological cancer
34,Diagnosed 1-4.9 years ago,20,Non-haematological cancer
34,Diagnosed >= 5 years ago,14,Non-haematological cancer
35,Diagnosed < 1 year ago,26,Non-haematological cancer
35,Diagnosed 1-4.9 years ago,20,Non-haematological cancer
35,Diagnosed >= 5 years ago,13,Non-haematological cancer
36,Diagnosed < 1 year ago,26,Non-haematological cancer
36,Diagnosed 1-4.9 years ago,19,Non-haematological cancer
36,Diagnosed >= 5 years ago,13,Non-haematological cancer
37,Diagnosed < 1 year ago,25,Non-haematological cancer
37,Diagnosed 1-4.9 years ago,19,Non-haematological cancer
37,Diagnosed >= 5 years ago,12,Non-haematological cancer
38,Diagnosed < 1 year ago,25,Non-haematological cancer
38,Diagnosed 1-4.9 years ago,18,Non-haematological cancer
38,Diagnosed >= 5 years ago,12,Non-haematological cancer
39,Diagnosed < 1 year ago,24,Non-haematological cancer
39,Diagnosed 1-4.9 years ago,18,Non-haematological cancer
39,Diagnosed >= 5 years ago,11,Non-haematological cancer
40,Diagnosed < 1 year ago,24,Non-haematological cancer
40,Diagnosed 1-4.9 years ago,18,Non-haematological cancer
40,Diagnosed >= 5 years ago,11,Non-haematological cancer
41,Diagnosed < 1 year ago,23,Non-haematological cancer
41,Diagnosed 1-4.9 years ago,17,Non-haematological cancer
41,Diagnosed >= 5 years ago,11,Non-haematological cancer
42,Diagnosed < 1 year ago,23,Non-haematological cancer
42,Diagnosed 1-4.9 years ago,17,Non-haematological cancer
42,Diagnosed >= 5 years ago,10,Non-haematological cancer
43,Diagnosed < 1 year ago,22,Non-haematological cancer
43,Diagnosed 1-4.9 years ago,16,Non-haematological cancer
43,Diagnosed >= 5 years ago,10,Non-haematological cancer
44,Diagnosed < 1 year ago,22,Non-haematological cancer
44,Diagnosed 1-4.9 years ago,16,Non-haematological cancer
44,Diagnosed >= 5 years ago,10,Non-haematological cancer
45,Diagnosed < 1 year ago,21,Non-haematological cancer
45,Diagnosed 1-4.9 years ago,16,Non-haematological cancer
45,Diagnosed >= 5 years ago,9,Non-haematological cancer
46,Diagnosed < 1 year ago,21,Non-haematological cancer
46,Diagnosed 1-4.9 years ago,15,Non-haematological cancer
46,Diagnosed >= 5 years ago,9,Non-haematological cancer
47,Diagnosed < 1 year ago,20,Non-haematological cancer
47,Diagnosed 1-4.9 years ago,15,Non-haematological cancer
47,Diagnosed >= 5 years ago,9,Non-haematological cancer
48,Diagnosed < 1 year ago,20,Non-haematological cancer
48,Diagnosed 1-4.9 years ago,14,Non-haematological cancer
48,Diagnosed >= 5 years ago,8,Non-haematological cancer
49,Diagnosed < 1 year ago,19,Non-haematological cancer
49,Diagnosed 1-4.9 years ago,13,Non-haematological cancer
49,Diagnosed >= 5 years ago,8,Non-haematological cancer
50,Diagnosed < 1 year ago,19,Non-haematological cancer
50,Diagnosed 1-4.9 years ago,13,Non-haematological cancer
50,Diagnosed >= 5 years ago,8,Non-haematological cancer
51,Diagnosed < 1 year ago,18,Non-haematological cancer
51,Diagnosed 1-4.9 years ago,12,Non-haematological cancer
51,Diagnosed >= 5 years ago,7,Non-haematological cancer
52,Diagnosed < 1 year ago,18,Non-haematological cancer
52,Diagnosed 1-4.9 years ago,11,Non-haematological cancer
52,Diagnosed >= 5 years ago,7,Non-haematological cancer
53,Diagnosed < 1 year ago,17,Non-haematological cancer
53,Diagnosed 1-4.9 years ago,11,Non-haematological cancer
53,Diagnosed >= 5 years ago,7,Non-haematological cancer
54,Diagnosed < 1 year ago,16,Non-haematological cancer
54,Diagnosed 1-4.9 years ago,10,Non-haematological cancer
54,Diagnosed >= 5 years ago,6,Non-haematological cancer
55,Diagnosed < 1 year ago,16,Non-haematological cancer
55,Diagnosed 1-4.9 years ago,10,Non-haematological cancer
55,Diagnosed >= 5 years ago,6,Non-haematological cancer
56,Diagnosed < 1 year ago,15,Non-haematological cancer
56,Diagnosed 1-4.9 years ago,9,Non-haematological cancer
56,Diagnosed >= 5 years ago,6,Non-haematological cancer
57,Diagnosed < 1 year ago,15,Non-haematological cancer
57,Diagnosed 1-4.9 years ago,9,Non-haematological cancer
57,Diagnosed >= 5 years ago,5,Non-haematological cancer
58,Diagnosed < 1 year ago,14,Non-haematological cancer
58,Diagnosed 1-4.9 years ago,8,Non-haematological cancer
58,Diagnosed >= 5 years ago,5,Non-haematological cancer
59,Diagnosed < 1 year ago,14,Non-haematological cancer
59,Diagnosed 1-4.9 years ago,8,Non-haematological cancer
59,Diagnosed >= 5 years ago,4,Non-haematological cancer
60,Diagnosed < 1 year ago,13,Non-haematological cancer
60,Diagnosed 1-4.9 years ago,8,Non-haematological cancer
60,Diagnosed >= 5 years ago,4,Non-haematological cancer
61,Diagnosed < 1 year ago,13,Non-haematological cancer
61,Diagnosed 1-4.9 years ago,7,Non-haematological cancer
61,Diagnosed >= 5 years ago,3,Non-haematological cancer
62,Diagnosed < 1 year ago,12,Non-haematological cancer
62,Diagnosed 1-4.9 years ago,7,Non-haematological cancer
62,Diagnosed >= 5 years ago,3,Non-haematological cancer
63,Diagnosed < 1 year ago,12,Non-haematological cancer
63,Diagnosed 1-4.9 years ago,7,Non-haematological cancer
63,Diagnosed >= 5 years ago,2,Non-haematological cancer
64,Diagnosed < 1 year ago,11,Non-haematological cancer
64,Diagnosed 1-4.9 years ago,6,Non-haematological cancer
64,Diagnosed >= 5 years ago,2,Non-haematological cancer
65,Diagnosed < 1 year ago,11,Non-haematological cancer
65,Diagnosed 1-4.9 years ago,6,Non-haematological cancer
65,Diagnosed >= 5 years ago,1,Non-haematological cancer
66,Diagnosed < 1 year ago,10,Non-haematological cancer
66,Diagnosed 1-4.9 years ago,6,Non-haematological cancer
66,Diagnosed >= 5 years ago,1,Non-haematological cancer
67,Diagnosed < 1 year ago,10,Non-haematological cancer
67,Diagnosed 1-4.9 years ago,5,Non-haematological cancer
67,Diagnosed >= 5 years ago,1,Non-haematological cancer
68,Diagnosed < 1 year ago,9,Non-haematological cancer
68,Diagnosed 1-4.9 years ago,5,Non-haematological cancer
68,Diagnosed >= 5 years ago,1,Non-haematological cancer
69,Diagnosed < 1 year ago,9,Non-haematological cancer
69,Diagnosed 1-4.9 years ago,4,Non-haematological cancer
69,Diagnosed >= 5 years ago,0,Non-haematological cancer
70,Diagnosed < 1 year ago,9,Non-haematological cancer
70,Diagnosed 1-4.9 years ago,4,Non-haematological cancer
70,Diagnosed >= 5 years ago,0,Non-haematological cancer
71,Diagnosed < 1 year ago,8,Non-haematological cancer
71,Diagnosed 1-4.9 years ago,3,Non-haematological cancer
71,Diagnosed >= 5 years ago,0,Non-haematological cancer
72,Diagnosed < 1 year ago,8,Non-haematological cancer
72,Diagnosed 1-4.9 years ago,3,Non-haematological cancer
72,Diagnosed >= 5 years ago,0,Non-haematological cancer
73,Diagnosed < 1 year ago,8,Non-haematological cancer
73,Diagnosed 1-4.9 years ago,3,Non-haematological cancer
73,Diagnosed >= 5 years ago,0,Non-haematological cancer
74,Diagnosed < 1 year ago,7,Non-haematological cancer
74,Diagnosed 1-4.9 years ago,2,Non-haematological cancer
74,Diagnosed >= 5 years ago,0,Non-haematological cancer
75,Diagnosed < 1 year ago,7,Non-haematological cancer
75,Diagnosed 1-4.9 years ago,2,Non-haematological cancer
75,Diagnosed >= 5 years ago,0,Non-haematological cancer
20,Diagnosed < 1 year ago,33,Haematological cancer
20,Diagnosed 1-4.9 years ago,32,Haematological cancer
20,Diagnosed >= 5 years ago,21,Haematological cancer
21,Diagnosed < 1 year ago,33,Haematological cancer
21,Diagnosed 1-4.9 years ago,31,Haematological cancer
21,Diagnosed >= 5 years ago,21,Haematological cancer
22,Diagnosed < 1 year ago,32,Haematological cancer
22,Diagnosed 1-4.9 years ago,31,Haematological cancer
22,Diagnosed >= 5 years ago,21,Haematological cancer
23,Diagnosed < 1 year ago,32,Haematological cancer
23,Diagnosed 1-4.9 years ago,31,Haematological cancer
23,Diagnosed >= 5 years ago,21,Haematological cancer
24,Diagnosed < 1 year ago,32,Haematological cancer
24,Diagnosed 1-4.9 years ago,30,Haematological cancer
24,Diagnosed >= 5 years ago,21,Haematological cancer
25,Diagnosed < 1 year ago,32,Haematological cancer
25,Diagnosed 1-4.9 years ago,30,Haematological cancer
25,Diagnosed >= 5 years ago,20,Haematological cancer
26,Diagnosed < 1 year ago,31,Haematological cancer
26,Diagnosed 1-4.9 years ago,30,Haematological cancer
26,Diagnosed >= 5 years ago,20,Haematological cancer
27,Diagnosed < 1 year ago,31,Haematological cancer
27,Diagnosed 1-4.9 years ago,29,Haematological cancer
27,Diagnosed >= 5 years ago,20,Haematological cancer
28,Diagnosed < 1 year ago,31,Haematological cancer
28,Diagnosed 1-4.9 years ago,29,Haematological cancer
28,Diagnosed >= 5 years ago,20,Haematological cancer
29,Diagnosed < 1 year ago,31,Haematological cancer
29,Diagnosed 1-4.9 years ago,29,Haematological cancer
29,Diagnosed >= 5 years ago,20,Haematological cancer
30,Diagnosed < 1 year ago,30,Haematological cancer
30,Diagnosed 1-4.9 years ago,28,Haematological cancer
30,Diagnosed >= 5 years ago,20,Haematological cancer
31,Diagnosed < 1 year ago,30,Haematological cancer
31,Diagnosed 1-4.9 years ago,28,Haematological cancer
31,Diagnosed >= 5 years ago,19,Haematological cancer
32,Diagnosed < 1 year ago,30,Haematological cancer
32,Diagnosed 1-4.9 years ago,28,Haematological cancer
32,Diagnosed >= 5 years ago,19,Haematological cancer
33,Diagnosed < 1 year ago,30,Haematological cancer
33,Diagnosed 1-4.9 years ago,27,Haematological cancer
33,Diagnosed >= 5 years ago,19,Haematological cancer
34,Diagnosed < 1 year ago,29,Haematological cancer
34,Diagnosed 1-4.9 years ago,27,Haematological cancer
34,Diagnosed >= 5 years ago,19,Haematological cancer
35,Diagnosed < 1 year ago,29,Haematological cancer
35,Diagnosed 1-4.9 years ago,27,Haematological cancer
35,Diagnosed >= 5 years ago,18,Haematological cancer
36,Diagnosed < 1 year ago,29,Haematological cancer
36,Diagnosed 1-4.9 years ago,26,Haematological cancer
36,Diagnosed >= 5 years ago,18,Haematological cancer
37,Diagnosed < 1 year ago,29,Haematological cancer
37,Diagnosed 1-4.9 years ago,26,Haematological cancer
37,Diagnosed >= 5 years ago,18,Haematological cancer
38,Diagnosed < 1 year ago,28,Haematological cancer
38,Diagnosed 1-4.9 years ago,25,Haematological cancer
38,Diagnosed >= 5 years ago,18,Haematological cancer
39,Diagnosed < 1 year ago,28,Haematological cancer
39,Diagnosed 1-4.9 years ago,25,Haematological cancer
39,Diagnosed >= 5 years ago,17,Haematological cancer
40,Diagnosed < 1 year ago,28,Haematological cancer
40,Diagnosed 1-4.9 years ago,25,Haematological cancer
40,Diagnosed >= 5 years ago,17,Haematological cancer
41,Diagnosed < 1 year ago,28,Haematological cancer
41,Diagnosed 1-4.9 years ago,24,Haematological cancer
41,Diagnosed >= 5 years ago,17,Haematological cancer
42,Diagnosed < 1 year ago,27,Haematological cancer
42,Diagnosed 1-4.9 years ago,24,Haematological cancer
42,Diagnosed >= 5 years ago,17,Haematological cancer
43,Diagnosed < 1 year ago,27,Haematological cancer
43,Diagnosed 1-4.9 years ago,23,Haematological cancer
43,Diagnosed >= 5 years ago,16,Haematological cancer
44,Diagnosed < 1 year ago,27,Haematological cancer
44,Diagnosed 1-4.9 years ago,23,Haematological cancer
44,Diagnosed >= 5 years ago,16,Haematological cancer
45,Diagnosed < 1 year ago,26,Haematological cancer
45,Diagnosed 1-4.9 years ago,22,Haematological cancer
45,Diagnosed >= 5 years ago,16,Haematological cancer
46,Diagnosed < 1 year ago,26,Haematological cancer
46,Diagnosed 1-4.9 years ago,22,Haematological cancer
46,Diagnosed >= 5 years ago,15,Haematological cancer
47,Diagnosed < 1 year ago,26,Haematological cancer
47,Diagnosed 1-4.9 years ago,22,Haematological cancer
47,Diagnosed >= 5 years ago,15,Haematological cancer
48,Diagnosed < 1 year ago,25,Haematological cancer
48,Diagnosed 1-4.9 years ago,22,Haematological cancer
48,Diagnosed >= 5 years ago,14,Haematological cancer
49,Diagnosed < 1 year ago,25,Haematological cancer
49,Diagnosed 1-4.9 years ago,22,Haematological cancer
49,Diagnosed >= 5 years ago,14,Haematological cancer
50,Diagnosed < 1 year ago,24,Haematological cancer
50,Diagnosed 1-4.9 years ago,21,Haematological cancer
50,Diagnosed >= 5 years ago,13,Haematological cancer
51,Diagnosed < 1 year ago,24,Haematological cancer
51,Diagnosed 1-4.9 years ago,21,Haematological cancer
51,Diagnosed >= 5 years ago,12,Haematological cancer
52,Diagnosed < 1 year ago,23,Haematological cancer
52,Diagnosed 1-4.9 years ago,21,Haematological cancer
52,Diagnosed >= 5 years ago,12,Haematological cancer
53,Diagnosed < 1 year ago,23,Haematological cancer
53,Diagnosed 1-4.9 years ago,21,Haematological cancer
53,Diagnosed >= 5 years ago,11,Haematological cancer
54,Diagnosed < 1 year ago,22,Haematological cancer
54,Diagnosed 1-4.9 years ago,20,Haematological cancer
54,Diagnosed >= 5 years ago,11,Haematological cancer
55,Diagnosed < 1 year ago,22,Haematological cancer
55,Diagnosed 1-4.9 years ago,20,Haematological cancer
55,Diagnosed >= 5 years ago,10,Haematological cancer
56,Diagnosed < 1 year ago,21,Haematological cancer
56,Diagnosed 1-4.9 years ago,20,Haematological cancer
56,Diagnosed >= 5 years ago,10,Haematological cancer
57,Diagnosed < 1 year ago,21,Haematological cancer
57,Diagnosed 1-4.9 years ago,19,Haematological cancer
57,Diagnosed >= 5 years ago,10,Haematological cancer
58,Diagnosed < 1 year ago,20,Haematological cancer
58,Diagnosed 1-4.9 years ago,19,Haematological cancer
58,Diagnosed >= 5 years ago,9,Haematological cancer
59,Diagnosed < 1 year ago,20,Haematological cancer
59,Diagnosed 1-4.9 years ago,18,Haematological cancer
59,Diagnosed >= 5 years ago,9,Haematological cancer
60,Diagnosed < 1 year ago,19,Haematological cancer
60,Diagnosed 1-4.9 years ago,18,Haematological cancer
60,Diagnosed >= 5 years ago,9,Haematological cancer
61,Diagnosed < 1 year ago,19,Haematological cancer
61,Diagnosed 1-4.9 years ago,17,Haematological cancer
61,Diagnosed >= 5 years ago,8,Haematological cancer
62,Diagnosed < 1 year ago,18,Haematological cancer
62,Diagnosed 1-4.9 years ago,17,Haematological cancer
62,Diagnosed >= 5 years ago,8,Haematological cancer
63,Diagnosed < 1 year ago,17,Haematological cancer
63,Diagnosed 1-4.9 years ago,16,Haematological cancer
63,Diagnosed >= 5 years ago,8,Haematological cancer
64,Diagnosed < 1 year ago,17,Haematological cancer
64,Diagnosed 1-4.9 years ago,16,Haematological cancer
64,Diagnosed >= 5 years ago,7,Haematological cancer
65,Diagnosed < 1 year ago,16,Haematological cancer
65,Diagnosed 1-4.9 years ago,15,Haematological cancer
65,Diagnosed >= 5 years ago,7,Haematological cancer
66,Diagnosed < 1 year ago,16,Haematological cancer
66,Diagnosed 1-4.9 years ago,15,Haematological cancer
66,Diagnosed >= 5 years ago,7,Haematological cancer
67,Diagnosed < 1 year ago,15,Haematological cancer
67,Diagnosed 1-4.9 years ago,14,Haematological cancer
67,Diagnosed >= 5 years ago,7,Haematological cancer
68,Diagnosed < 1 year ago,15,Haematological cancer
68,Diagnosed 1-4.9 years ago,14,Haematological cancer
68,Diagnosed >= 5 years ago,6,Haematological cancer
69,Diagnosed < 1 year ago,14,Haematological cancer
69,Diagnosed 1-4.9 years ago,13,Haematological cancer
69,Diagnosed >= 5 years ago,6,Haematological cancer
70,Diagnosed < 1 year ago,14,Haematological cancer
70,Diagnosed 1-4.9 years ago,13,Haematological cancer
70,Diagnosed >= 5 years ago,6,Haematological cancer
71,Diagnosed < 1 year ago,13,Haematological cancer
71,Diagnosed 1-4.9 years ago,12,Haematological cancer
71,Diagnosed >= 5 years ago,6,Haematological cancer
72,Diagnosed < 1 year ago,13,Haematological cancer
72,Diagnosed 1-4.9 years ago,12,Haematological cancer
72,Diagnosed >= 5 years ago,5,Haematological cancer
73,Diagnosed < 1 year ago,12,Haematological cancer
73,Diagnosed 1-4.9 years ago,11,Haematological cancer
73,Diagnosed >= 5 years ago,5,Haematological cancer
74,Diagnosed < 1 year ago,12,Haematological cancer
74,Diagnosed 1-4.9 years ago,11,Haematological cancer
74,Diagnosed >= 5 years ago,5,Haematological cancer
75,Diagnosed < 1 year ago,11,Haematological cancer
75,Diagnosed 1-4.9 years ago,11,Haematological cancer
75,Diagnosed >= 5 years ago,5,Haematological cancer
20,Hypertension,12,Other
20,Heart failure,25,Heart
20,Other chronic heart disease,20,Heart
20,Cerebrovascular disease,17,Other
20,Liver disease,32,Other
20,Chronic neurological disease other than stroke or dementia,23,Other
20,Organ transplant,25,Other
20,Spleen diseases,14,Other
20,Rheumatoid/lupus/psoriasis,2,Other
20,Other immunosuppressive condition,30,Other
21,Hypertension,12,Other
21,Heart failure,25,Heart
21,Other chronic heart disease,20,Heart
21,Cerebrovascular disease,17,Other
21,Liver disease,31,Other
21,Chronic neurological disease other than stroke or dementia,23,Other
21,Organ transplant,25,Other
21,Spleen diseases,14,Other
21,Rheumatoid/lupus/psoriasis,2,Other
21,Other immunosuppressive condition,30,Other
22,Hypertension,12,Other
22,Heart failure,25,Heart
22,Other chronic heart disease,20,Heart
22,Cerebrovascular disease,17,Other
22,Liver disease,31,Other
22,Chronic neurological disease other than stroke or dementia,22,Other
22,Organ transplant,24,Other
22,Spleen diseases,13,Other
22,Rheumatoid/lupus/psoriasis,2,Other
22,Other immunosuppressive condition,29,Other
23,Hypertension,12,Other
23,Heart failure,25,Heart
23,Other chronic heart disease,20,Heart
23,Cerebrovascular disease,16,Other
23,Liver disease,30,Other
23,Chronic neurological disease other than stroke or dementia,22,Other
23,Organ transplant,24,Other
23,Spleen diseases,13,Other
23,Rheumatoid/lupus/psoriasis,2,Other
23,Other immunosuppressive condition,29,Other
24,Hypertension,12,Other
24,Heart failure,25,Heart
24,Other chronic heart disease,20,Heart
24,Cerebrovascular disease,16,Other
24,Liver disease,30,Other
24,Chronic neurological disease other than stroke or dementia,22,Other
24,Organ transplant,24,Other
24,Spleen diseases,13,Other
24,Rheumatoid/lupus/psoriasis,2,Other
24,Other immunosuppressive condition,28,Other
25,Hypertension,12,Other
25,Heart failure,25,Heart
25,Other chronic heart disease,20,Heart
25,Cerebrovascular disease,16,Other
25,Liver disease,29,Other
25,Chronic neurological disease other than stroke or dementia,22,Other
25,Organ transplant,24,Other
25,Spleen diseases,13,Other
25,Rheumatoid/lupus/psoriasis,2,Other
25,Other immunosuppressive condition,28,Other
26,Hypertension,12,Other
26,Heart failure,24,Heart
26,Other chronic heart disease,19,Heart
26,Cerebrovascular disease,16,Other
26,Liver disease,29,Other
26,Chronic neurological disease other than stroke or dementia,22,Other
26,Organ transplant,24,Other
26,Spleen diseases,13,Other
26,Rheumatoid/lupus/psoriasis,2,Other
26,Other immunosuppressive condition,27,Other
27,Hypertension,11,Other
27,Heart failure,24,Heart
27,Other chronic heart disease,19,Heart
27,Cerebrovascular disease,16,Other
27,Liver disease,28,Other
27,Chronic neurological disease other than stroke or dementia,22,Other
27,Organ transplant,24,Other
27,Spleen diseases,13,Other
27,Rheumatoid/lupus/psoriasis,2,Other
27,Other immunosuppressive condition,27,Other
28,Hypertension,11,Other
28,Heart failure,24,Heart
28,Other chronic heart disease,19,Heart
28,Cerebrovascular disease,16,Other
28,Liver disease,28,Other
28,Chronic neurological disease other than stroke or dementia,22,Other
28,Organ transplant,24,Other
28,Spleen diseases,13,Other
28,Rheumatoid/lupus/psoriasis,2,Other
28,Other immunosuppressive condition,26,Other
29,Hypertension,11,Other
29,Heart failure,24,Heart
29,Other chronic heart disease,19,Heart
29,Cerebrovascular disease,16,Other
29,Liver disease,27,Other
29,Chronic neurological disease other than stroke or dementia,22,Other
29,Organ transplant,24,Other
29,Spleen diseases,13,Other
29,Rheumatoid/lupus/psoriasis,2,Other
29,Other immunosuppressive condition,26,Other
30,Hypertension,11,Other
30,Heart failure,24,Heart
30,Other chronic heart disease,19,Heart
30,Cerebrovascular disease,16,Other
30,Liver disease,27,Other
30,Chronic neurological disease other than stroke or dementia,22,Other
30,Organ transplant,23,Other
30,Spleen diseases,13,Other
30,Rheumatoid/lupus/psoriasis,2,Other
30,Other immunosuppressive condition,25,Other
31,Hypertension,11,Other
31,Heart failure,23,Heart
31,Other chronic heart disease,18,Heart
31,Cerebrovascular disease,16,Other
31,Liver disease,26,Other
31,Chronic neurological disease other than stroke or dementia,22,Other
31,Organ transplant,23,Other
31,Spleen diseases,13,Other
31,Rheumatoid/lupus/psoriasis,2,Other
31,Other immunosuppressive condition,25,Other
32,Hypertension,11,Other
32,Heart failure,23,Heart
32,Other chronic heart disease,18,Heart
32,Cerebrovascular disease,16,Other
32,Liver disease,26,Other
32,Chronic neurological disease other than stroke or dementia,21,Other
32,Organ transplant,23,Other
32,Spleen diseases,13,Other
32,Rheumatoid/lupus/psoriasis,2,Other
32,Other immunosuppressive condition,24,Other
33,Hypertension,11,Other
33,Heart failure,23,Heart
33,Other chronic heart disease,18,Heart
33,Cerebrovascular disease,16,Other
33,Liver disease,25,Other
33,Chronic neurological disease other than stroke or dementia,21,Other
33,Organ transplant,23,Other
33,Spleen diseases,12,Other
33,Rheumatoid/lupus/psoriasis,2,Other
33,Other immunosuppressive condition,24,Other
34,Hypertension,10,Other
34,Heart failure,22,Heart
34,Other chronic heart disease,17,Heart
34,Cerebrovascular disease,16,Other
34,Liver disease,25,Other
34,Chronic neurological disease other than stroke or dementia,21,Other
34,Organ transplant,23,Other
34,Spleen diseases,12,Other
34,Rheumatoid/lupus/psoriasis,2,Other
34,Other immunosuppressive condition,23,Other
35,Hypertension,10,Other
35,Heart failure,22,Heart
35,Other chronic heart disease,17,Heart
35,Cerebrovascular disease,16,Other
35,Liver disease,24,Other
35,Chronic neurological disease other than stroke or dementia,21,Other
35,Organ transplant,23,Other
35,Spleen diseases,12,Other
35,Rheumatoid/lupus/psoriasis,2,Other
35,Other immunosuppressive condition,23,Other
36,Hypertension,10,Other
36,Heart failure,22,Heart
36,Other chronic heart disease,17,Heart
36,Cerebrovascular disease,16,Other
36,Liver disease,24,Other
36,Chronic neurological disease other than stroke or dementia,21,Other
36,Organ transplant,22,Other
36,Spleen diseases,12,Other
36,Rheumatoid/lupus/psoriasis,2,Other
36,Other immunosuppressive condition,22,Other
37,Hypertension,10,Other
37,Heart failure,22,Heart
37,Other chronic heart disease,17,Heart
37,Cerebrovascular disease,15,Other
37,Liver disease,23,Other
37,Chronic neurological disease other than stroke or dementia,21,Other
37,Organ transplant,22,Other
37,Spleen diseases,12,Other
37,Rheumatoid/lupus/psoriasis,2,Other
37,Other immunosuppressive condition,22,Other
38,Hypertension,10,Other
38,Heart failure,21,Heart
38,Other chronic heart disease,16,Heart
38,Cerebrovascular disease,15,Other
38,Liver disease,23,Other
38,Chronic neurological disease other than stroke or dementia,21,Other
38,Organ transplant,22,Other
38,Spleen diseases,12,Other
38,Rheumatoid/lupus/psoriasis,2,Other
38,Other immunosuppressive condition,21,Other
39,Hypertension,10,Other
39,Heart failure,21,Heart
39,Other chronic heart disease,16,Heart
39,Cerebrovascular disease,15,Other
39,Liver disease,22,Other
39,Chronic neurological disease other than stroke or dementia,20,Other
39,Organ transplant,22,Other
39,Spleen diseases,12,Other
39,Rheumatoid/lupus/psoriasis,2,Other
39,Other immunosuppressive condition,21,Other
40,Hypertension,9,Other
40,Heart failure,21,Heart
40,Other chronic heart disease,16,Heart
40,Cerebrovascular disease,15,Other
40,Liver disease,22,Other
40,Chronic neurological disease other than stroke or dementia,20,Other
40,Organ transplant,22,Other
40,Spleen diseases,11,Other
40,Rheumatoid/lupus/psoriasis,2,Other
40,Other immunosuppressive condition,20,Other
41,Hypertension,9,Other
41,Heart failure,20,Heart
41,Other chronic heart disease,15,Heart
41,Cerebrovascular disease,15,Other
41,Liver disease,21,Other
41,Chronic neurological disease other than stroke or dementia,20,Other
41,Organ transplant,22,Other
41,Spleen diseases,11,Other
41,Rheumatoid/lupus/psoriasis,2,Other
41,Other immunosuppressive condition,20,Other
42,Hypertension,9,Other
42,Heart failure,20,Heart
42,Other chronic heart disease,15,Heart
42,Cerebrovascular disease,15,Other
42,Liver disease,21,Other
42,Chronic neurological disease other than stroke or dementia,20,Other
42,Organ transplant,21,Other
42,Spleen diseases,11,Other
42,Rheumatoid/lupus/psoriasis,2,Other
42,Other immunosuppressive condition,19,Other
43,Hypertension,9,Other
43,Heart failure,20,Heart
43,Other chronic heart disease,15,Heart
43,Cerebrovascular disease,15,Other
43,Liver disease,20,Other
43,Chronic neurological disease other than stroke or dementia,20,Other
43,Organ transplant,21,Other
43,Spleen diseases,11,Other
43,Rheumatoid/lupus/psoriasis,2,Other
43,Other immunosuppressive condition,19,Other
44,Hypertension,9,Other
44,Heart failure,19,Heart
44,Other chronic heart disease,14,Heart
44,Cerebrovascular disease,15,Other
44,Liver disease,20,Other
44,Chronic neurological disease other than stroke or dementia,20,Other
44,Organ transplant,21,Other
44,Spleen diseases,11,Other
44,Rheumatoid/lupus/psoriasis,2,Other
44,Other immunosuppressive condition,18,Other
45,Hypertension,8,Other
45,Heart failure,19,Heart
45,Other chronic heart disease,14,Heart
45,Cerebrovascular disease,15,Other
45,Liver disease,19,Other
45,Chronic neurological disease other than stroke or dementia,20,Other
45,Organ transplant,21,Other
45,Spleen diseases,11,Other
45,Rheumatoid/lupus/psoriasis,2,Other
45,Other immunosuppressive condition,17,Other
46,Hypertension,8,Other
46,Heart failure,19,Heart
46,Other chronic heart disease,14,Heart
46,Cerebrovascular disease,15,Other
46,Liver disease,19,Other
46,Chronic neurological disease other than stroke or dementia,19,Other
46,Organ transplant,21,Other
46,Spleen diseases,10,Other
46,Rheumatoid/lupus/psoriasis,2,Other
46,Other immunosuppressive condition,17,Other
47,Hypertension,8,Other
47,Heart failure,18,Heart
47,Other chronic heart disease,13,Heart
47,Cerebrovascular disease,14,Other
47,Liver disease,18,Other
47,Chronic neurological disease other than stroke or dementia,19,Other
47,Organ transplant,20,Other
47,Spleen diseases,10,Other
47,Rheumatoid/lupus/psoriasis,2,Other
47,Other immunosuppressive condition,16,Other
48,Hypertension,8,Other
48,Heart failure,18,Heart
48,Other chronic heart disease,13,Heart
48,Cerebrovascular disease,14,Other
48,Liver disease,17,Other
48,Chronic neurological disease other than stroke or dementia,19,Other
48,Organ transplant,20,Other
48,Spleen diseases,10,Other
48,Rheumatoid/lupus/psoriasis,2,Other
48,Other immunosuppressive condition,16,Other
49,Hypertension,8,Other
49,Heart failure,18,Heart
49,Other chronic heart disease,13,Heart
49,Cerebrovascular disease,14,Other
49,Liver disease,17,Other
49,Chronic neurological disease other than stroke or dementia,19,Other
49,Organ transplant,20,Other
49,Spleen diseases,10,Other
49,Rheumatoid/lupus/psoriasis,2,Other
49,Other immunosuppressive condition,15,Other
50,Hypertension,7,Other
50,Heart failure,17,Heart
50,Other chronic heart disease,13,Heart
50,Cerebrovascular disease,14,Other
50,Liver disease,16,Other
50,Chronic neurological disease other than stroke or dementia,18,Other
50,Organ transplant,19,Other
50,Spleen diseases,9,Other
50,Rheumatoid/lupus/psoriasis,2,Other
50,Other immunosuppressive condition,15,Other
51,Hypertension,7,Other
51,Heart failure,17,Heart
51,Other chronic heart disease,12,Heart
51,Cerebrovascular disease,14,Other
51,Liver disease,15,Other
51,Chronic neurological disease other than stroke or dementia,18,Other
51,Organ transplant,19,Other
51,Spleen diseases,9,Other
51,Rheumatoid/lupus/psoriasis,2,Other
51,Other immunosuppressive condition,15,Other
52,Hypertension,7,Other
52,Heart failure,17,Heart
52,Other chronic heart disease,12,Heart
52,Cerebrovascular disease,14,Other
52,Liver disease,15,Other
52,Chronic neurological disease other than stroke or dementia,18,Other
52,Organ transplant,19,Other
52,Spleen diseases,9,Other
52,Rheumatoid/lupus/psoriasis,2,Other
52,Other immunosuppressive condition,14,Other
53,Hypertension,7,Other
53,Heart failure,16,Heart
53,Other chronic heart disease,12,Heart
53,Cerebrovascular disease,13,Other
53,Liver disease,14,Other
53,Chronic neurological disease other than stroke or dementia,18,Other
53,Organ transplant,18,Other
53,Spleen diseases,8,Other
53,Rheumatoid/lupus/psoriasis,2,Other
53,Other immunosuppressive condition,14,Other
54,Hypertension,7,Other
54,Heart failure,16,Heart
54,Other chronic heart disease,12,Heart
54,Cerebrovascular disease,13,Other
54,Liver disease,14,Other
54,Chronic neurological disease other than stroke or dementia,17,Other
54,Organ transplant,18,Other
54,Spleen diseases,8,Other
54,Rheumatoid/lupus/psoriasis,2,Other
54,Other immunosuppressive condition,13,Other
55,Hypertension,6,Other
55,Heart failure,16,Heart
55,Other chronic heart disease,11,Heart
55,Cerebrovascular disease,13,Other
55,Liver disease,13,Other
55,Chronic neurological disease other than stroke or dementia,17,Other
55,Organ transplant,18,Other
55,Spleen diseases,8,Other
55,Rheumatoid/lupus/psoriasis,2,Other
55,Other immunosuppressive condition,13,Other
56,Hypertension,6,Other
56,Heart failure,15,Heart
56,Other chronic heart disease,11,Heart
56,Cerebrovascular disease,13,Other
56,Liver disease,13,Other
56,Chronic neurological disease other than stroke or dementia,17,Other
56,Organ transplant,17,Other
56,Spleen diseases,8,Other
56,Rheumatoid/lupus/psoriasis,2,Other
56,Other immunosuppressive condition,13,Other
57,Hypertension,6,Other
57,Heart failure,15,Heart
57,Other chronic heart disease,10,Heart
57,Cerebrovascular disease,13,Other
57,Liver disease,12,Other
57,Chronic neurological disease other than stroke or dementia,16,Other
57,Organ transplant,17,Other
57,Spleen diseases,7,Other
57,Rheumatoid/lupus/psoriasis,2,Other
57,Other immunosuppressive condition,12,Other
58,Hypertension,5,Other
58,Heart failure,14,Heart
58,Other chronic heart disease,10,Heart
58,Cerebrovascular disease,12,Other
58,Liver disease,12,Other
58,Chronic neurological disease other than stroke or dementia,16,Other
58,Organ transplant,16,Other
58,Spleen diseases,7,Other
58,Rheumatoid/lupus/psoriasis,2,Other
58,Other immunosuppressive condition,12,Other
59,Hypertension,5,Other
59,Heart failure,14,Heart
59,Other chronic heart disease,9,Heart
59,Cerebrovascular disease,12,Other
59,Liver disease,11,Other
59,Chronic neurological disease other than stroke or dementia,16,Other
59,Organ transplant,16,Other
59,Spleen diseases,7,Other
59,Rheumatoid/lupus/psoriasis,2,Other
59,Other immunosuppressive condition,11,Other
60,Hypertension,5,Other
60,Heart failure,13,Heart
60,Other chronic heart disease,9,Heart
60,Cerebrovascular disease,12,Other
60,Liver disease,11,Other
60,Chronic neurological disease other than stroke or dementia,16,Other
60,Organ transplant,15,Other
60,Spleen diseases,6,Other
60,Rheumatoid/lupus/psoriasis,2,Other
60,Other immunosuppressive condition,11,Other
61,Hypertension,5,Other
61,Heart failure,13,Heart
61,Other chronic heart disease,8,Heart
61,Cerebrovascular disease,12,Other
61,Liver disease,10,Other
61,Chronic neurological disease other than stroke or dementia,15,Other
61,Organ transplant,15,Other
61,Spleen diseases,6,Other
61,Rheumatoid/lupus/psoriasis,2,Other
61,Other immunosuppressive condition,11,Other
62,Hypertension,4,Other
62,Heart failure,12,Heart
62,Other chronic heart disease,8,Heart
62,Cerebrovascular disease,12,Other
62,Liver disease,10,Other
62,Chronic neurological disease other than stroke or dementia,15,Other
62,Organ transplant,14,Other
62,Spleen diseases,6,Other
62,Rheumatoid/lupus/psoriasis,2,Other
62,Other immunosuppressive condition,10,Other
63,Hypertension,4,Other
63,Heart failure,12,Heart
63,Other chronic heart disease,7,Heart
63,Cerebrovascular disease,11,Other
63,Liver disease,9,Other
63,Chronic neurological disease other than stroke or dementia,15,Other
63,Organ transplant,14,Other
63,Spleen diseases,5,Other
63,Rheumatoid/lupus/psoriasis,2,Other
63,Other immunosuppressive condition,10,Other
64,Hypertension,4,Other
64,Heart failure,11,Heart
64,Other chronic heart disease,7,Heart
64,Cerebrovascular disease,11,Other
64,Liver disease,9,Other
64,Chronic neurological disease other than stroke or dementia,14,Other
64,Organ transplant,13,Other
64,Spleen diseases,5,Other
64,Rheumatoid/lupus/psoriasis,2,Other
64,Other immunosuppressive condition,9,Other
65,Hypertension,3,Other
65,Heart failure,11,Heart
65,Other chronic heart disease,6,Heart
65,Cerebrovascular disease,11,Other
65,Liver disease,8,Other
65,Chronic neurological disease other than stroke or dementia,14,Other
65,Organ transplant,13,Other
65,Spleen diseases,5,Other
65,Rheumatoid/lupus/psoriasis,2,Other
65,Other immunosuppressive condition,9,Other
66,Hypertension,3,Other
66,Heart failure,11,Heart
66,Other chronic heart disease,6,Heart
66,Cerebrovascular disease,11,Other
66,Liver disease,8,Other
66,Chronic neurological disease other than stroke or dementia,14,Other
66,Organ transplant,12,Other
66,Spleen diseases,5,Other
66,Rheumatoid/lupus/psoriasis,2,Other
66,Other immunosuppressive condition,9,Other
67,Hypertension,3,Other
67,Heart failure,10,Heart
67,Other chronic heart disease,5,Heart
67,Cerebrovascular disease,11,Other
67,Liver disease,7,Other
67,Chronic neurological disease other than stroke or dementia,14,Other
67,Organ transplant,12,Other
67,Spleen diseases,4,Other
67,Rheumatoid/lupus/psoriasis,2,Other
67,Other immunosuppressive condition,8,Other
68,Hypertension,2,Other
68,Heart failure,10,Heart
68,Other chronic heart disease,5,Heart
68,Cerebrovascular disease,10,Other
68,Liver disease,7,Other
68,Chronic neurological disease other than stroke or dementia,13,Other
68,Organ transplant,11,Other
68,Spleen diseases,4,Other
68,Rheumatoid/lupus/psoriasis,2,Other
68,Other immunosuppressive condition,8,Other
69,Hypertension,2,Other
69,Heart failure,10,Heart
69,Other chronic heart disease,5,Heart
69,Cerebrovascular disease,10,Other
69,Liver disease,6,Other
69,Chronic neurological disease other than stroke or dementia,13,Other
69,Organ transplant,11,Other
69,Spleen diseases,3,Other
69,Rheumatoid/lupus/psoriasis,2,Other
69,Other immunosuppressive condition,7,Other
70,Hypertension,2,Other
70,Heart failure,9,Heart
70,Other chronic heart disease,4,Heart
70,Cerebrovascular disease,10,Other
70,Liver disease,6,Other
70,Chronic neurological disease other than stroke or dementia,13,Other
70,Organ transplant,10,Other
70,Spleen diseases,3,Other
70,Rheumatoid/lupus/psoriasis,2,Other
70,Other immunosuppressive condition,7,Other
71,Hypertension,1,Other
71,Heart failure,9,Heart
71,Other chronic heart disease,4,Heart
71,Cerebrovascular disease,10,Other
71,Liver disease,6,Other
71,Chronic neurological disease other than stroke or dementia,13,Other
71,Organ transplant,10,Other
71,Spleen diseases,2,Other
71,Rheumatoid/lupus/psoriasis,2,Other
71,Other immunosuppressive condition,7,Other
72,Hypertension,1,Other
72,Heart failure,9,Heart
72,Other chronic heart disease,4,Heart
72,Cerebrovascular disease,9,Other
72,Liver disease,5,Other
72,Chronic neurological disease other than stroke or dementia,12,Other
72,Organ transplant,9,Other
72,Spleen diseases,2,Other
72,Rheumatoid/lupus/psoriasis,2,Other
72,Other immunosuppressive condition,6,Other
73,Hypertension,0,Other
73,Heart failure,8,Heart
73,Other chronic heart disease,3,Heart
73,Cerebrovascular disease,9,Other
73,Liver disease,5,Other
73,Chronic neurological disease other than stroke or dementia,12,Other
73,Organ transplant,9,Other
73,Spleen diseases,1,Other
73,Rheumatoid/lupus/psoriasis,2,Other
73,Other immunosuppressive condition,6,Other
74,Hypertension,0,Other
74,Heart failure,8,Heart
74,Other chronic heart disease,3,Heart
74,Cerebrovascular disease,9,Other
74,Liver disease,4,Other
74,Chronic neurological disease other than stroke or dementia,12,Other
74,Organ transplant,8,Other
74,Spleen diseases,1,Other
74,Rheumatoid/lupus/psoriasis,2,Other
74,Other immunosuppressive condition,5,Other
75,Hypertension,0,Other
75,Heart failure,8,Heart
75,Other chronic heart disease,3,Heart
75,Cerebrovascular disease,9,Other
75,Liver disease,4,Other
75,Chronic neurological disease other than stroke or dementia,12,Other
75,Organ transplant,8,Other
75,Spleen diseases,0,Other
75,Rheumatoid/lupus/psoriasis,2,Other
75,Other immunosuppressive condition,5,Other
